Soil_Type,Temperature_C,Rainfall_mm,Humidity_pct,Nitrogen_kg_ha,Phosphorus_kg_ha,Potassium_kg_ha,pH,Crop_History,Recommended_Crop
Clay,30.9,110.0,66.7,61.8,43.5,22.2,7.28,Soybean,Cotton
Loamy,11.9,76.7,61.3,60.7,33.9,15.0,6.76,Potato,Mustard
Sandy Loam,23.5,63.0,34.2,34.3,49.0,23.3,6.28,Cotton,Mustard
Sandy Loam,16.8,68.9,29.7,126.0,44.6,27.1,6.31,Lentil,Wheat
Black,28.5,52.3,51.7,47.3,17.1,14.1,6.26,Soybean,Cotton
Clay,26.3,138.6,52.5,54.9,33.7,27.2,6.89,Wheat,Cotton
Clay,29.5,180.6,83.6,88.1,63.4,36.7,5.42,Sugarcane,Rice
Sandy Loam,20.7,54.0,48.6,46.8,38.0,20.0,7.33,Maize,Lentil
Clay,16.5,52.8,31.2,85.7,42.1,33.6,6.75,Lentil,Wheat
Silty,35.2,135.3,91.1,82.5,48.6,80.2,5.83,Wheat,Sugarcane
Sandy Loam,22.8,107.9,67.8,69.7,57.2,54.5,5.31,Soybean,Potato
Loamy,37.5,191.1,60.0,34.0,27.6,39.6,6.21,Rice,Mango
Loamy,30.8,158.3,59.3,100.0,52.2,27.1,5.73,Soybean,Maize
Sandy Loam,30.1,142.2,64.2,125.9,58.9,51.0,7.38,Rice,Maize
Loamy,22.0,53.2,76.0,79.9,61.1,56.1,5.75,Rice,Tomato
Loamy,20.4,34.6,44.5,32.3,54.7,41.3,7.03,Soybean,Lentil
Sandy Loam,26.0,86.2,55.5,69.5,69.7,59.0,5.45,Cotton,Tomato
Loamy,17.4,76.8,41.6,85.5,68.8,34.9,6.87,Lentil,Wheat
Clay,25.7,214.6,95.4,80.5,59.8,54.8,5.98,Sugarcane,Rice
Clay,24.9,280.5,72.9,92.0,54.3,44.6,5.86,Wheat,Rice
Silty,28.9,85.9,76.6,64.5,59.1,56.4,6.85,Soybean,Tomato
Clay,26.3,122.1,80.5,28.1,52.4,30.1,6.71,Rice,Soybean
Loamy,21.5,125.7,70.9,57.2,56.5,42.8,6.24,Cotton,Potato
Loamy,29.4,112.4,79.9,56.6,43.4,19.8,7.14,Mustard,Soybean
Sandy Loam,28.8,101.4,77.5,29.0,53.9,48.1,6.79,Maize,Soybean
Loamy,23.9,164.9,75.9,87.6,53.9,72.1,6.63,Lentil,Sugarcane
Clay,26.8,182.5,81.0,91.6,29.3,34.4,6.7,Lentil,Rice
Sandy Loam,23.9,109.5,78.3,33.5,38.8,48.5,7.02,Tomato,Soybean
Sandy Loam,13.6,60.0,31.5,56.8,36.4,28.2,6.02,Sugarcane,Mustard
Sandy Loam,20.7,70.5,77.7,134.0,49.0,39.2,7.44,Cotton,Maize
Loamy,15.6,45.1,49.3,48.6,48.9,38.0,7.61,Maize,Lentil
Clay,29.3,69.8,72.1,55.3,34.0,36.5,7.17,Sugarcane,Soybean
Loamy,21.8,141.4,85.2,154.3,53.8,43.8,5.91,Mustard,Sugarcane
Clay,29.5,60.4,64.6,61.8,56.2,22.2,6.47,Rice,Soybean
Sandy Loam,23.5,92.8,36.3,16.7,47.6,29.7,6.75,Soybean,Lentil
Sandy Loam,23.3,80.1,53.7,22.6,53.6,22.6,5.85,Lentil,Groundnut
Loamy,17.6,60.8,51.0,76.3,37.0,20.7,6.63,Potato,Mustard
Loamy,16.6,122.0,56.3,107.5,62.3,43.4,6.73,Lentil,Maize
Loamy,32.0,145.0,79.2,22.7,41.2,37.3,7.35,Maize,Soybean
Silty,27.8,25.5,53.4,42.7,43.5,22.3,6.54,Mango,Lentil
Clay,31.6,143.3,88.3,120.9,56.6,80.8,6.0,Groundnut,Sugarcane
Loamy,25.8,86.0,54.1,38.3,43.7,33.4,6.54,Rice,Soybean
Sandy Loam,28.0,64.1,42.0,28.8,35.0,40.8,6.86,Sugarcane,Lentil
Loamy,19.4,50.3,57.3,55.6,41.4,31.9,6.98,Maize,Mustard
Sandy Loam,23.9,29.8,37.9,56.6,39.6,29.1,6.89,Cotton,Mustard
Loamy,25.7,188.1,81.9,116.2,49.3,41.9,6.23,Mustard,Sugarcane
Silty,13.1,110.3,76.9,99.6,79.8,55.1,5.55,Lentil,Potato
Loamy,13.3,53.4,43.6,46.6,47.9,26.3,6.76,Sugarcane,Mustard
Laterite,30.45,143.1,58.0,78.9,31.0,56.6,6.34,Rice,Mango
Loamy,23.2,70.7,80.3,56.2,57.7,41.4,6.63,Tomato,Soybean
Clay,31.3,204.2,93.4,119.5,27.0,31.8,5.89,Mustard,Rice
Clay,34.0,106.1,59.4,68.2,27.1,39.5,7.57,Tomato,Cotton
Clay,23.6,113.1,55.7,111.9,51.8,41.7,6.89,Cotton,Wheat
Loamy,23.7,166.2,68.8,66.7,31.1,51.2,6.64,Wheat,Mango
Sandy Loam,19.05,95.5,83.3,97.3,77.9,55.9,6.41,Mango,Potato
Clay,32.4,179.4,75.2,120.8,39.7,51.7,6.74,Potato,Rice
Loamy,11.6,112.3,51.5,106.6,58.0,33.3,6.85,Cotton,Wheat
Clay,23.9,81.9,45.4,93.1,48.4,27.4,6.84,Tomato,Wheat
Loamy,23.8,72.8,57.5,77.5,82.7,67.2,6.46,Potato,Tomato
Laterite,33.0,114.9,78.7,61.7,35.5,57.0,6.49,Wheat,Mango
Loamy,27.7,152.6,67.1,60.1,31.8,58.3,5.81,Cotton,Mango
Loamy,14.6,70.4,31.4,60.1,30.6,20.4,6.67,Sugarcane,Mustard
Silty,25.0,50.1,41.0,19.6,46.1,16.1,6.52,Groundnut,Lentil
Clay,37.9,67.9,61.0,85.6,24.1,37.4,6.6,Wheat,Cotton
Sandy Loam,18.8,70.5,41.2,39.2,42.2,32.8,6.32,Groundnut,Mustard
Loamy,25.3,140.6,84.2,105.9,41.5,42.6,7.37,Wheat,Maize
Sandy Loam,24.9,122.8,65.2,143.9,74.2,46.4,7.2,Tomato,Wheat
Sandy Loam,21.4,69.0,33.9,60.4,27.6,31.8,5.99,Maize,Mustard
Clay,24.0,185.0,88.1,71.5,53.5,36.2,6.09,Tomato,Rice
Silty,20.5,99.7,52.3,85.15,61.9,67.4,6.3,Soybean,Tomato
Loamy,29.7,220.4,85.1,99.3,56.95,40.1,5.91,Groundnut,Sugarcane
Clay,31.3,267.0,72.2,105.6,52.6,71.2,7.69,Mustard,Sugarcane
Silty,24.2,43.8,54.1,71.5,82.9,58.4,6.25,Wheat,Tomato
Sandy Loam,35.4,125.0,71.2,86.6,46.4,44.1,6.97,Rice,Mango
Loamy,22.2,25.5,42.2,73.8,26.5,21.9,5.92,Rice,Mustard
Loamy,19.1,71.1,62.1,34.2,41.0,32.2,6.11,Cotton,Lentil
Black,27.4,89.0,49.6,72.6,35.3,16.0,7.32,Sugarcane,Cotton
Clay,9.9,52.8,31.9,53.9,44.8,31.2,6.83,Cotton,Mustard
Loamy,26.4,45.3,41.2,32.2,46.4,37.9,7.39,Soybean,Lentil
Loamy,9.6,81.7,55.5,129.5,50.6,40.0,5.97,Mustard,Wheat
Sandy Loam,24.2,66.4,77.4,111.7,65.4,42.7,6.82,Sugarcane,Tomato
Clay,23.7,144.8,63.5,19.5,32.6,35.6,6.08,Lentil,Soybean
Loamy,26.3,116.0,63.7,49.4,39.9,65.8,7.22,Tomato,Mango
Sandy Loam,24.2,95.3,58.2,110.8,75.9,43.3,6.47,Mustard,Wheat
Loamy,10.4,55.2,49.4,58.8,51.2,33.7,7.2,Mango,Mustard
Sandy Loam,25.3,156.2,53.8,127.1,43.6,32.4,6.54,Soybean,Maize
Clay,13.2,60.4,49.1,103.1,61.4,44.2,6.78,Potato,Wheat
Sandy Loam,27.1,117.6,69.3,80.9,65.0,53.2,7.53,Tomato,Maize
Loamy,15.9,129.8,70.9,85.3,68.1,46.4,5.0,Maize,Potato
Loamy,35.1,196.5,63.7,55.3,34.1,56.3,6.03,Tomato,Mango
Silty,19.2,64.6,70.5,52.4,85.8,61.5,5.85,Soybean,Potato
Clay,23.6,131.3,67.7,43.0,43.0,41.7,7.35,Cotton,Soybean
Black,26.5,93.1,55.0,84.1,22.4,42.1,6.11,Potato,Cotton
Clay,33.0,283.2,88.5,102.6,68.6,59.2,5.95,Cotton,Rice
Clay,13.8,82.5,30.1,78.6,35.7,38.8,7.47,Soybean,Wheat
Silty,23.2,172.6,92.4,128.1,68.8,46.1,5.24,Sugarcane,Rice
Silty,30.5,140.0,72.3,101.0,54.2,42.1,6.03,Soybean,Maize
Loamy,36.6,185.2,52.3,54.7,31.2,46.3,5.79,Mustard,Mango
Loamy,34.6,63.8,56.5,84.7,44.5,25.8,7.83,Lentil,Cotton
Loamy,23.0,41.5,49.9,62.5,30.7,24.3,6.25,Maize,Mustard
Clay,14.1,54.3,36.4,98.3,62.5,35.8,6.58,Potato,Wheat
Sandy Loam,32.0,93.4,68.0,40.1,59.8,44.0,6.54,Mango,Soybean
Clay,34.1,60.3,57.7,42.7,34.8,35.1,7.47,Groundnut,Cotton
Sandy Loam,19.8,60.1,72.3,91.2,64.4,62.2,5.19,Rice,Potato
Clay,32.7,73.2,44.4,63.7,43.1,25.6,7.19,Mustard,Cotton
Loamy,32.5,51.1,70.7,27.9,63.2,29.0,6.38,Soybean,Groundnut
Silty,32.4,255.1,74.6,109.7,60.8,49.1,6.94,Maize,Rice
Loamy,20.7,37.1,42.8,20.2,48.6,12.8,7.38,Sugarcane,Lentil
Loamy,33.0,158.6,66.9,82.2,42.1,51.9,6.84,Potato,Sugarcane
Sandy Loam,29.6,76.5,65.7,83.8,40.4,31.2,6.27,Rice,Maize
Clay,19.1,113.2,60.1,136.7,72.4,32.8,6.24,Soybean,Wheat
Loamy,27.6,82.0,71.0,84.3,61.1,56.8,6.07,Groundnut,Tomato
Sandy Loam,20.9,97.4,81.8,45.2,57.2,30.9,7.45,Mango,Soybean
Loamy,27.9,113.6,69.2,119.9,54.8,34.2,6.02,Potato,Maize
Clay,23.7,125.5,39.1,67.7,44.1,23.1,7.28,Groundnut,Cotton
Clay,10.0,100.1,57.8,84.6,47.9,37.0,7.05,Soybean,Wheat
Clay,15.1,35.0,56.9,77.1,32.4,29.9,6.14,Sugarcane,Mustard
Clay,26.4,171.2,80.7,116.0,51.5,56.9,7.09,Maize,Sugarcane
Loamy,15.6,95.1,73.8,110.4,50.7,46.6,5.35,Maize,Potato
Sandy Loam,9.5,72.5,43.3,98.1,43.9,33.2,6.06,Potato,Wheat
Loamy,20.1,76.8,42.3,127.4,43.3,29.9,6.85,Maize,Wheat
Clay,21.7,70.3,56.5,117.8,55.8,31.5,6.27,Cotton,Wheat
Loamy,20.8,45.5,83.4,66.5,67.2,46.1,6.86,Cotton,Tomato
Sandy Loam,22.0,81.9,54.7,94.0,77.9,48.3,6.51,Groundnut,Tomato
Sandy Loam,13.1,86.25,40.6,108.45,48.6,49.6,7.21,Mustard,Wheat
Black,32.8,115.1,41.8,58.0,29.4,27.1,7.36,Lentil,Cotton
Loamy,26.7,103.8,72.4,29.6,34.4,32.7,6.35,Tomato,Soybean
Sandy Loam,22.4,84.9,58.5,98.8,54.2,44.9,5.79,Maize,Tomato
Loamy,12.7,46.5,38.5,63.8,32.2,25.3,7.06,Groundnut,Mustard
Loamy,28.4,65.6,32.0,26.7,53.0,34.3,7.51,Soybean,Lentil
Laterite,35.4,170.6,66.9,80.5,34.1,49.2,5.49,Potato,Mango
Silty,22.4,97.1,79.6,50.6,68.6,46.7,4.97,Sugarcane,Potato
Clay,31.5,146.1,76.0,76.7,61.1,61.6,7.36,Maize,Sugarcane
Laterite,37.5,188.3,73.7,48.1,25.3,39.0,7.26,Sugarcane,Mango
Black,37.3,120.8,60.5,81.5,21.9,20.8,6.99,Potato,Cotton
Red,22.9,91.8,67.3,22.2,49.5,50.5,6.16,Rice,Groundnut
Sandy Loam,24.0,87.4,41.6,15.9,21.4,26.4,6.72,Potato,Lentil
Loamy,13.1,44.5,75.9,78.9,70.5,46.3,5.62,Tomato,Potato
Loamy,19.2,59.3,54.2,109.1,48.75,34.4,6.74,Groundnut,Maize
Sandy Loam,30.0,112.8,68.4,63.4,50.5,39.2,6.78,Sugarcane,Soybean
Loamy,21.7,139.6,60.1,123.3,67.0,64.6,5.8,Groundnut,Sugarcane
Loamy,31.4,109.5,54.0,20.3,54.7,26.5,6.0,Tomato,Groundnut
Loamy,33.3,286.3,75.6,105.5,38.5,53.6,6.97,Cotton,Rice
Clay,28.3,98.5,64.7,69.0,27.4,40.9,7.23,Groundnut,Cotton
Loamy,31.7,72.3,61.4,31.8,56.7,31.7,6.66,Tomato,Soybean
Silty,24.0,91.8,62.1,64.9,73.0,63.2,6.5,Tomato,Potato
Loamy,17.1,123.6,78.0,84.5,55.0,34.2,5.99,Tomato,Maize
Loamy,17.4,113.7,30.8,101.2,49.9,28.7,7.23,Maize,Wheat
Loamy,26.4,67.7,38.7,19.3,34.8,27.9,7.38,Potato,Lentil
Silty,25.7,162.8,73.9,117.1,50.3,35.3,6.25,Wheat,Maize
Clay,20.4,65.4,43.95,45.1,39.8,28.1,6.75,Soybean,Mustard
Loamy,30.7,66.9,81.3,28.8,54.8,20.6,6.33,Lentil,Soybean
Sandy Loam,30.6,163.8,69.7,67.9,28.1,49.2,5.63,Potato,Mango
Loamy,21.0,92.0,65.75,90.4,60.3,41.2,6.85,Mango,Tomato
Loamy,26.4,140.1,93.8,87.1,60.1,57.3,7.27,Cotton,Sugarcane
Red,25.5,106.0,59.8,45.5,33.8,28.2,6.42,Mustard,Groundnut
Loamy,29.5,120.1,59.7,130.8,43.2,52.9,7.17,Groundnut,Maize
Loamy,25.9,76.9,67.8,21.2,55.6,43.9,6.58,Soybean,Groundnut
Sandy Loam,23.7,98.4,61.3,21.2,30.7,14.8,7.02,Mustard,Lentil
Sandy Loam,26.0,55.2,52.0,77.0,47.1,25.7,6.85,Potato,Mustard
Black,27.3,141.1,56.1,76.0,32.9,31.7,6.71,Rice,Cotton
Clay,28.2,129.1,55.1,44.3,30.5,28.6,6.7,Potato,Soybean
Sandy Loam,17.9,41.6,55.9,19.2,47.5,15.4,6.91,Groundnut,Lentil
Sandy Loam,15.4,44.3,60.0,51.6,31.3,16.2,7.38,Maize,Lentil
Silty,28.3,151.7,81.6,114.2,51.7,35.9,7.42,Sugarcane,Maize
Clay,25.3,118.1,62.6,46.3,37.5,32.6,7.14,Wheat,Cotton
Sandy Loam,31.1,119.0,63.5,38.8,55.4,48.8,7.17,Groundnut,Soybean
Clay,37.3,226.5,85.4,96.0,63.9,70.9,5.68,Rice,Sugarcane
Sandy Loam,12.3,92.5,76.3,74.3,72.1,78.9,5.62,Rice,Potato
Loamy,25.3,97.8,57.6,99.5,47.5,30.3,6.51,Mango,Maize
Loamy,34.2,198.7,60.1,34.3,19.5,55.4,6.04,Rice,Mango
Loamy,26.5,91.4,68.2,23.3,53.2,31.6,6.57,Tomato,Groundnut
Clay,28.7,122.4,67.9,147.8,56.4,47.7,5.63,Maize,Sugarcane
Silty,37.6,206.1,75.0,92.5,71.6,75.0,7.32,Soybean,Sugarcane
Clay,37.7,156.9,64.0,93.2,46.1,78.5,6.16,Cotton,Sugarcane
Loamy,24.0,89.4,77.0,54.9,50.4,41.2,6.38,Mustard,Soybean
Sandy Loam,23.6,57.8,50.9,54.0,27.8,32.6,5.95,Wheat,Mustard
Loamy,23.4,64.4,67.1,41.6,32.5,45.3,6.31,Wheat,Groundnut
Sandy Loam,21.2,64.0,46.0,126.0,76.6,39.2,6.06,Cotton,Wheat
Clay,24.7,76.5,29.5,61.2,24.4,28.1,6.83,Lentil,Mustard
Clay,30.6,100.3,83.9,144.1,60.8,46.3,5.44,Mustard,Sugarcane
Clay,34.0,152.0,80.0,105.5,46.1,48.2,6.76,Lentil,Sugarcane
Silty,27.7,44.4,62.1,43.1,35.0,23.2,7.35,Soybean,Lentil
Silty,20.8,74.4,76.9,90.1,86.9,59.3,6.59,Lentil,Tomato
Clay,26.3,115.6,54.1,30.8,64.7,48.0,7.35,Wheat,Soybean
Clay,29.7,121.7,73.8,49.6,54.2,40.1,6.64,Potato,Soybean
Sandy Loam,22.4,176.0,77.5,109.2,62.5,28.9,7.02,Wheat,Maize
Sandy Loam,16.6,38.2,49.3,42.4,33.9,22.6,6.64,Mango,Lentil
Loamy,18.5,99.4,77.1,64.2,82.7,60.1,6.2,Groundnut,Potato
Sandy Loam,27.2,49.1,61.3,107.0,67.5,66.0,6.73,Mustard,Tomato
Black,30.6,74.6,48.7,48.8,29.3,21.8,6.28,Tomato,Cotton
Clay,23.1,78.8,58.3,76.9,68.8,20.1,7.08,Mango,Wheat
Loamy,27.4,90.0,64.2,98.6,61.5,53.2,6.38,Sugarcane,Tomato
Loamy,27.5,98.3,60.4,49.0,41.7,20.0,7.44,Soybean,Cotton
Clay,26.8,232.8,93.6,92.6,69.0,59.1,6.3,Tomato,Rice
Silty,12.9,111.7,61.3,84.0,83.8,55.9,5.47,Groundnut,Potato
Loamy,28.4,167.3,63.7,71.4,34.0,42.9,5.62,Sugarcane,Mango
Silty,23.6,223.7,81.4,60.4,41.4,28.0,6.86,Soybean,Rice
Sandy Loam,22.2,74.8,39.5,41.6,38.9,31.4,6.25,Mango,Mustard
Silty,35.5,179.5,86.1,78.7,70.2,55.3,6.09,Potato,Sugarcane
Sandy Loam,14.7,68.5,41.5,122.6,51.2,35.4,5.96,Soybean,Wheat
Sandy Loam,23.2,110.7,55.9,14.9,31.4,37.5,6.32,Cotton,Groundnut
Sandy Loam,20.1,41.5,44.1,25.1,21.4,25.3,6.99,Cotton,Lentil
Loamy,27.3,146.6,57.8,71.8,48.5,67.9,6.4,Rice,Mango
Loamy,28.2,54.7,52.7,44.5,36.6,37.9,7.48,Mustard,Lentil
Clay,11.4,78.1,68.0,81.9,59.5,43.8,6.46,Cotton,Wheat
Silty,19.6,43.9,35.3,40.8,29.7,40.5,7.35,Maize,Lentil
Sandy Loam,35.6,104.5,70.9,63.1,39.6,66.2,6.56,Wheat,Mango
Sandy Loam,20.3,86.2,64.1,53.7,63.2,55.9,5.13,Groundnut,Potato
Loamy,31.3,94.5,65.7,121.2,64.3,40.9,5.97,Mango,Maize
Loamy,21.6,34.1,45.9,50.2,48.7,15.3,7.45,Rice,Mustard
Loamy,32.1,232.8,91.6,115.4,68.7,39.7,6.07,Potato,Rice
Sandy Loam,25.9,80.9,32.3,42.2,46.1,17.9,6.68,Mango,Lentil
Clay,25.2,109.0,72.3,23.1,61.6,31.3,6.72,Maize,Soybean
Clay,22.0,69.4,35.7,59.0,34.9,21.6,6.34,Cotton,Mustard
Silty,20.1,41.5,61.6,76.6,82.0,58.3,5.62,Rice,Potato
Clay,20.2,209.2,77.2,113.7,47.8,50.7,6.19,Cotton,Rice
Loamy,11.7,86.25,44.8,78.1,84.0,36.3,7.38,Cotton,Wheat
Sandy Loam,16.7,88.3,72.3,81.4,67.7,57.6,5.03,Rice,Potato
Sandy Loam,21.1,68.3,38.2,130.1,62.3,22.6,7.56,Groundnut,Wheat
Loamy,20.7,109.5,79.9,69.1,86.9,48.5,6.14,Wheat,Potato
Clay,9.9,73.2,56.7,108.45,62.8,40.8,6.85,Sugarcane,Wheat
Sandy Loam,16.2,41.8,57.5,37.5,39.9,24.5,7.1,Wheat,Lentil
Sandy Loam,18.2,61.05,48.6,23.8,32.5,21.3,7.4,Cotton,Lentil
Loamy,27.1,221.4,69.6,95.0,51.5,37.5,5.22,Potato,Rice
Red,25.7,65.1,69.6,41.3,56.2,34.1,6.61,Sugarcane,Groundnut
Loamy,18.1,99.6,51.7,88.4,75.8,36.1,6.15,Lentil,Wheat
Loamy,28.4,86.0,52.2,75.9,50.2,14.7,6.19,Mustard,Cotton
Black,31.7,116.1,64.3,84.8,36.5,38.4,7.38,Mango,Cotton
Loamy,37.7,103.1,62.3,63.3,45.9,20.2,7.39,Mustard,Cotton
Sandy Loam,13.9,32.6,49.0,18.8,42.3,19.6,7.93,Sugarcane,Lentil
Loamy,24.3,76.7,80.3,138.4,51.5,34.1,6.73,Mustard,Maize
Loamy,19.4,40.9,57.7,41.8,41.0,31.2,7.29,Cotton,Mustard
Silty,21.6,115.7,65.7,84.6,46.6,32.9,6.63,Tomato,Maize
Loamy,31.5,129.3,53.9,98.0,44.7,46.9,6.63,Tomato,Maize
Clay,36.6,143.2,59.8,69.0,23.2,43.7,6.35,Rice,Cotton
Loamy,24.9,56.3,53.5,62.2,85.0,59.8,6.59,Potato,Tomato
Loamy,15.2,45.0,43.8,40.2,40.8,20.8,6.71,Wheat,Mustard
Clay,21.1,69.3,60.1,30.1,61.7,42.5,6.03,Wheat,Soybean
Loamy,27.3,74.1,61.4,16.7,55.1,30.5,6.87,Potato,Groundnut
Sandy Loam,27.4,52.4,75.3,78.7,65.7,61.2,6.31,Mango,Tomato
Clay,17.5,55.2,50.4,79.4,36.6,27.9,7.0,Cotton,Mustard
Silty,25.3,82.4,64.2,101.0,53.4,41.0,5.78,Rice,Maize
Black,39.2,112.9,41.5,51.7,45.8,14.2,6.82,Wheat,Cotton
Clay,26.3,164.6,66.1,71.2,50.4,53.6,6.94,Maize,Sugarcane
Loamy,18.3,88.5,39.1,28.8,57.5,26.5,8.03,Soybean,Lentil
Loamy,26.4,55.6,56.1,37.1,57.7,29.1,6.67,Mustard,Groundnut
Clay,11.6,77.1,31.1,50.5,37.0,33.5,7.41,Maize,Mustard
Clay,27.2,153.1,78.9,99.2,56.2,78.2,6.38,Tomato,Sugarcane
Sandy Loam,35.6,105.0,67.0,37.6,58.3,40.2,5.97,Rice,Groundnut
Red,23.5,88.7,58.9,34.6,39.1,34.1,5.88,Cotton,Groundnut
Loamy,24.6,43.2,52.9,68.9,57.2,59.8,6.33,Soybean,Tomato
Clay,12.6,43.9,31.2,66.7,46.4,28.7,5.94,Groundnut,Mustard
Clay,30.3,101.4,58.1,30.7,58.3,27.7,6.11,Maize,Soybean
Clay,18.6,42.2,34.3,55.3,47.3,25.7,6.93,Soybean,Mustard
Black,35.9,111.5,70.8,52.6,38.2,20.2,6.85,Rice,Cotton
Loamy,10.8,109.3,62.9,81.4,53.2,40.4,6.56,Mustard,Wheat
Clay,20.8,232.8,78.2,67.7,46.7,38.4,5.26,Sugarcane,Rice
Laterite,30.6,153.2,68.5,60.6,48.1,72.3,6.4,Potato,Mango
Loamy,21.9,34.3,57.5,42.6,37.7,31.3,6.97,Lentil,Mustard
Red,28.1,119.9,66.0,24.1,54.3,46.0,6.17,Rice,Groundnut
Sandy Loam,21.4,61.7,65.6,43.9,25.0,18.7,7.05,Wheat,Lentil
Loamy,30.5,122.7,58.0,39.4,28.3,31.1,7.08,Potato,Soybean
Clay,29.1,77.4,59.9,51.5,33.1,39.0,7.26,Lentil,Soybean
Loamy,21.0,99.4,78.6,41.8,36.2,31.7,7.11,Groundnut,Soybean
Loamy,21.8,101.0,85.7,38.0,46.8,34.4,6.7,Cotton,Soybean
Sandy Loam,20.8,46.4,32.4,69.7,40.6,20.0,6.18,Mango,Mustard
Clay,28.9,66.7,68.3,70.2,47.8,17.9,7.69,Groundnut,Cotton
Loamy,27.6,71.4,76.0,46.6,60.7,23.0,5.9,Wheat,Soybean
Silty,27.0,120.1,57.3,103.9,49.4,46.3,5.82,Rice,Maize
Sandy Loam,10.7,101.7,33.2,101.4,55.9,35.8,6.63,Mustard,Wheat
Clay,20.9,93.2,36.4,123.5,57.7,43.8,6.04,Mango,Wheat
Silty,25.1,74.4,61.5,80.4,85.2,51.3,6.71,Mustard,Tomato
Clay,16.7,67.1,34.8,123.9,41.4,32.5,7.32,Potato,Wheat
Loamy,23.6,55.2,27.8,71.3,30.3,22.0,6.49,Groundnut,Mustard
Sandy Loam,27.8,54.4,58.9,39.2,30.3,32.9,6.22,Potato,Lentil
Sandy Loam,10.6,39.7,37.8,75.9,49.4,34.7,6.98,Sugarcane,Mustard
Sandy Loam,21.6,79.3,61.6,50.4,48.2,72.2,4.81,Cotton,Potato
Clay,30.7,216.2,80.5,79.9,33.6,59.8,6.1,Wheat,Rice
Loamy,22.9,168.5,83.7,130.0,44.1,52.8,6.27,Wheat,Sugarcane
Loamy,26.3,111.8,61.1,20.1,29.8,35.6,6.03,Groundnut,Soybean
Sandy Loam,28.8,126.6,78.6,23.7,42.8,38.4,6.1,Potato,Soybean
Silty,29.9,120.1,73.0,105.0,38.1,46.2,6.34,Mustard,Maize
Loamy,21.1,92.7,59.6,17.2,43.1,38.8,6.81,Groundnut,Soybean
Loamy,21.9,48.0,38.7,71.8,46.3,18.8,6.22,Rice,Mustard
Silty,30.5,211.3,71.1,94.7,61.0,59.1,5.98,Tomato,Rice
Sandy Loam,36.8,185.1,63.9,40.7,17.0,44.7,6.81,Maize,Mango
Loamy,32.5,103.7,60.1,146.8,45.3,53.7,5.6,Rice,Sugarcane
Silty,28.6,50.4,29.5,40.3,37.7,23.4,7.115,Cotton,Lentil
Sandy Loam,28.7,179.9,73.3,54.9,50.1,36.1,6.94,Potato,Mango
Clay,24.1,79.9,63.8,56.4,48.9,51.5,6.39,Mustard,Soybean
Loamy,14.9,37.4,57.1,38.3,21.0,12.8,7.62,Cotton,Lentil
Sandy Loam,21.3,76.1,42.3,90.5,67.1,37.7,7.35,Potato,Wheat
Sandy Loam,14.9,91.3,57.8,50.4,28.9,27.7,6.49,Rice,Lentil
Sandy Loam,27.5,163.7,77.5,96.6,44.4,55.7,6.01,Cotton,Maize
Clay,25.8,79.4,42.3,92.9,59.5,32.4,6.0,Tomato,Wheat
Loamy,29.5,131.9,68.1,60.1,45.0,65.9,6.71,Rice,Mango
Clay,25.9,91.9,40.1,55.1,45.0,32.4,7.005,Mango,Cotton
Loamy,29.2,135.1,83.6,38.4,36.8,44.4,7.54,Rice,Soybean
Sandy Loam,20.4,87.6,75.2,29.8,53.3,22.4,6.54,Sugarcane,Soybean
Loamy,36.4,143.1,53.3,52.5,32.1,55.4,7.54,Tomato,Mango
Loamy,34.6,53.6,60.4,55.1,17.4,26.4,7.81,Rice,Cotton
Loamy,29.1,107.8,69.9,44.9,53.7,36.3,6.02,Lentil,Groundnut
Loamy,20.6,32.3,46.5,65.7,42.6,29.4,6.54,Soybean,Mustard
Sandy Loam,25.1,47.8,34.8,22.1,45.4,30.1,6.09,Rice,Lentil
Black,30.4,120.4,63.9,65.0,25.7,29.4,6.22,Groundnut,Cotton
Loamy,22.7,86.5,70.1,17.0,32.6,28.2,6.94,Groundnut,Soybean
Silty,31.3,115.6,70.0,90.5,75.4,58.5,6.48,Mango,Sugarcane
Loamy,38.2,133.0,60.9,69.8,33.0,41.8,7.005,Mustard,Cotton
Sandy Loam,20.1,52.1,65.0,79.7,60.0,41.3,6.38,Maize,Tomato
Loamy,21.4,69.2,44.0,111.5,79.6,46.9,7.43,Mustard,Wheat
Silty,26.5,147.6,60.8,76.7,59.3,31.0,6.6,Tomato,Maize
Clay,31.1,76.6,83.3,50.6,36.0,28.6,6.75,Potato,Soybean
Silty,27.5,184.1,94.8,65.8,37.8,61.2,5.03,Maize,Rice
Loamy,24.35,98.7,72.1,115.9,85.0,58.7,6.4,Wheat,Tomato
Loamy,28.6,102.2,46.5,82.9,51.7,24.4,7.29,Mustard,Cotton
Loamy,35.7,167.8,66.1,106.1,66.6,60.8,6.38,Potato,Sugarcane
Silty,18.6,92.4,64.5,21.5,46.5,34.4,7.15,Mango,Lentil
Sandy Loam,18.7,172.2,71.4,69.7,65.1,48.5,5.78,Sugarcane,Maize
Black,31.9,74.0,62.1,43.6,39.5,18.4,7.005,Rice,Cotton
Loamy,24.7,42.5,63.5,86.1,86.3,47.9,6.09,Rice,Tomato
Silty,20.4,58.2,63.1,36.4,23.6,23.2,7.9,Mango,Lentil
Laterite,38.3,142.8,78.6,66.5,42.2,47.8,6.48,Rice,Mango
Silty,23.5,75.4,42.7,31.5,43.1,20.9,6.89,Cotton,Lentil
Silty,25.8,48.0,41.5,29.6,42.3,36.4,6.13,Sugarcane,Lentil
Sandy Loam,20.5,97.4,60.1,94.5,46.1,26.2,7.32,Mango,Wheat
Clay,23.2,101.4,69.1,29.9,43.0,47.8,6.75,Rice,Soybean
Loamy,26.6,75.4,58.5,80.8,42.9,21.2,7.005,Potato,Cotton
Loamy,21.4,113.6,72.9,18.6,33.1,20.6,6.91,Mustard,Soybean
Sandy Loam,18.0,108.8,44.4,129.2,72.4,18.7,7.24,Maize,Wheat
Loamy,25.5,57.8,48.6,35.9,43.2,33.5,7.23,Sugarcane,Lentil
Laterite,33.5,100.5,56.5,53.8,19.8,60.5,6.49,Groundnut,Mango
Silty,17.5,81.2,63.8,83.3,67.8,51.7,6.31,Cotton,Potato
Loamy,35.7,117.3,62.1,60.3,40.9,31.3,5.58,Soybean,Mango
Black,23.5,140.2,64.7,63.3,48.1,32.6,6.96,Tomato,Cotton
Silty,26.2,184.5,89.5,86.0,43.4,51.6,6.46,Maize,Rice
Loamy,28.7,150.0,67.3,81.6,26.5,20.0,6.55,Potato,Cotton
Clay,31.9,173.1,93.4,73.9,51.45,44.4,6.91,Tomato,Rice
Loamy,25.8,77.5,54.5,73.2,44.2,16.1,7.19,Mustard,Cotton
Sandy Loam,16.7,85.6,41.1,81.3,48.7,47.2,6.28,Lentil,Wheat
Clay,35.2,215.4,75.7,150.2,71.7,58.6,6.43,Potato,Sugarcane
Loamy,16.1,62.3,56.5,67.2,41.2,27.0,6.43,Mango,Mustard
Silty,26.8,141.1,86.3,124.4,51.4,69.4,7.37,Rice,Sugarcane
Sandy Loam,25.3,48.9,43.8,29.4,57.2,37.4,6.8,Maize,Lentil
Sandy Loam,31.2,72.2,74.5,27.3,43.9,26.0,6.51,Sugarcane,Groundnut
Silty,27.6,209.7,75.8,89.0,55.0,58.9,6.63,Wheat,Sugarcane
Sandy Loam,18.7,96.4,59.8,41.6,45.1,29.6,7.27,Potato,Lentil
Loamy,32.7,149.1,53.7,84.4,36.6,19.6,6.73,Tomato,Cotton
Laterite,23.0,107.4,53.3,38.9,25.0,43.6,6.34,Sugarcane,Mango
Loamy,29.9,61.0,76.2,78.3,53.5,44.0,6.2,Mustard,Maize
Sandy Loam,21.5,45.4,65.9,85.15,78.8,56.8,6.7,Cotton,Tomato
Loamy,24.3,181.9,52.0,101.0,58.3,30.6,6.41,Tomato,Maize
Clay,24.1,73.8,46.4,39.6,25.7,24.5,7.3,Maize,Cotton
Loamy,21.5,72.4,71.1,81.4,42.7,43.1,5.55,Groundnut,Maize
Loamy,17.1,57.2,53.5,29.4,31.7,24.8,7.59,Mango,Lentil
Sandy Loam,26.0,54.2,72.9,85.3,69.8,78.4,5.0,Groundnut,Potato
Clay,27.0,142.4,59.3,48.6,55.3,44.2,6.81,Tomato,Soybean
Silty,26.0,80.1,74.0,64.0,67.8,62.9,6.12,Sugarcane,Tomato
Clay,18.2,72.2,63.9,128.3,45.7,51.7,7.1,Rice,Wheat
Clay,17.6,54.0,56.4,55.6,49.5,32.6,6.53,Tomato,Mustard
Loamy,22.4,68.2,59.7,64.7,64.9,50.4,6.32,Lentil,Potato
Clay,25.3,77.9,68.7,38.8,60.3,37.3,6.62,Wheat,Soybean
Loamy,23.8,233.7,93.5,98.5,57.6,56.1,5.23,Potato,Rice
Loamy,36.1,111.7,62.0,119.7,42.0,50.0,6.06,Lentil,Sugarcane
Loamy,24.1,59.5,55.2,28.3,52.6,47.6,6.37,Mustard,Groundnut
Sandy Loam,31.6,141.2,67.1,96.2,55.8,46.3,5.69,Rice,Maize
Loamy,23.5,195.9,73.8,92.3,30.7,57.1,6.12,Groundnut,Rice
Silty,38.9,155.2,76.5,114.2,46.6,43.7,6.79,Cotton,Sugarcane
Sandy Loam,28.1,76.6,67.4,130.7,50.2,42.8,7.51,Lentil,Maize
Loamy,25.0,82.7,59.9,106.6,52.7,36.7,6.06,Cotton,Tomato
Sandy Loam,15.7,50.0,58.6,17.2,34.1,28.7,6.17,Mustard,Lentil
Clay,13.5,34.0,39.4,66.0,29.1,32.3,7.26,Sugarcane,Mustard
Clay,33.3,231.6,67.2,99.8,66.0,50.8,7.19,Rice,Sugarcane
Loamy,20.1,87.5,56.2,89.4,75.8,55.5,5.66,Mustard,Tomato
Sandy Loam,35.7,162.4,63.8,47.5,39.2,56.2,5.6,Sugarcane,Mango
Sandy Loam,16.4,33.3,40.7,43.9,37.8,17.4,6.96,Potato,Mustard
Silty,27.0,54.9,42.0,34.4,32.9,15.0,7.03,Tomato,Lentil
Loamy,34.3,158.2,66.0,98.8,73.2,75.3,6.45,Cotton,Sugarcane
Loamy,21.4,48.1,66.2,106.9,73.1,70.2,6.48,Cotton,Tomato
Sandy Loam,23.3,75.5,79.4,87.9,54.1,28.8,7.09,Mustard,Maize
Sandy Loam,19.2,91.5,39.7,46.0,44.3,15.1,7.22,Soybean,Lentil
Sandy Loam,24.2,96.8,56.6,21.4,39.7,31.4,6.33,Mustard,Groundnut
Loamy,22.8,99.2,82.1,55.4,55.9,51.3,6.04,Rice,Potato
Sandy Loam,24.7,47.0,59.1,28.5,27.6,35.4,7.71,Soybean,Lentil
Loamy,31.7,65.0,64.6,23.9,30.4,36.1,7.43,Mango,Soybean
Laterite,26.9,115.3,55.2,45.1,37.4,61.5,6.35,Rice,Mango
Loamy,26.6,66.1,58.4,71.0,72.8,62.0,6.235,Rice,Tomato
Silty,24.1,137.8,53.8,97.3,53.2,51.0,6.89,Lentil,Maize
Black,29.8,160.4,48.5,83.6,37.5,31.8,6.8,Tomato,Cotton
Loamy,33.5,293.9,83.3,100.6,33.6,30.9,6.31,Groundnut,Rice
Loamy,23.8,67.0,67.3,52.7,88.0,54.0,6.37,Rice,Potato
Laterite,27.1,178.2,58.5,71.8,26.7,57.1,6.45,Lentil,Mango
Silty,18.6,95.0,66.7,89.1,61.8,54.9,5.74,Rice,Potato
Red,28.3,89.4,70.4,43.3,44.7,40.7,6.72,Lentil,Groundnut
Loamy,18.1,117.0,28.1,81.6,47.3,35.5,6.11,Rice,Wheat
Sandy Loam,30.5,89.7,57.7,46.0,41.0,65.0,6.46,Soybean,Mango
Sandy Loam,16.1,44.1,78.6,96.1,49.8,84.7,6.11,Rice,Potato
Loamy,33.2,138.5,69.2,67.6,42.8,31.6,7.27,Mustard,Maize
Sandy Loam,18.5,32.1,61.0,52.0,49.0,22.3,6.4,Wheat,Mustard
Loamy,16.9,64.3,63.7,96.6,83.3,73.1,5.61,Cotton,Potato
Loamy,23.9,73.4,75.0,64.0,45.5,47.8,7.39,Cotton,Soybean
Loamy,32.9,69.7,63.3,12.8,41.9,36.4,6.6,Tomato,Groundnut
Silty,23.3,293.5,86.2,81.2,69.3,28.3,5.57,Maize,Rice
Black,33.8,134.4,47.1,63.1,40.6,18.1,7.01,Lentil,Cotton
Sandy Loam,19.9,93.4,48.2,125.5,68.0,26.0,6.23,Rice,Wheat
Loamy,38.4,99.4,69.3,41.3,29.6,67.4,7.0,Mustard,Mango
Laterite,35.6,155.7,70.1,81.3,34.3,53.2,5.75,Groundnut,Mango
Sandy Loam,24.1,43.0,51.4,19.4,22.5,42.0,7.47,Tomato,Lentil
Clay,28.7,175.8,62.2,93.2,46.4,50.3,7.0,Maize,Sugarcane
Sandy Loam,27.1,69.7,63.0,31.2,43.1,31.9,6.38,Sugarcane,Groundnut
Silty,15.2,81.1,63.1,66.8,50.6,48.7,5.95,Sugarcane,Potato
Black,33.8,107.7,47.0,36.8,27.4,34.0,7.23,Rice,Cotton
Loamy,22.5,150.1,64.8,117.8,39.3,60.1,6.8,Mango,Sugarcane
Clay,35.9,188.1,81.9,109.9,41.0,60.7,6.53,Soybean,Rice
Silty,28.3,133.4,84.3,82.7,42.2,43.7,6.27,Mango,Sugarcane
Clay,33.2,162.6,89.0,83.1,62.5,39.2,6.05,Cotton,Sugarcane
Silty,22.5,95.0,73.7,71.3,66.5,65.3,6.54,Mustard,Tomato
Clay,22.1,92.8,38.3,96.0,69.8,27.2,6.37,Soybean,Wheat
Clay,26.0,219.3,78.7,112.3,55.1,44.0,6.93,Lentil,Rice
Loamy,18.3,82.0,65.75,114.6,67.1,53.5,6.62,Cotton,Tomato
Clay,32.05,79.4,40.1,50.5,42.3,38.2,6.98,Wheat,Cotton
Clay,25.2,125.4,75.4,54.0,47.7,25.7,6.98,Wheat,Soybean
Loamy,20.8,66.9,57.7,113.8,77.6,46.9,6.33,Maize,Tomato
Sandy Loam,20.7,123.6,74.3,34.3,61.1,34.7,6.8,Potato,Soybean
Loamy,22.3,104.1,65.1,34.3,40.1,32.3,6.18,Soybean,Groundnut
Loamy,25.2,147.5,62.9,56.4,34.3,69.5,6.06,Lentil,Mango
Clay,20.7,101.3,78.1,29.4,40.4,50.1,7.15,Rice,Soybean
Sandy Loam,23.8,117.5,76.0,43.1,33.6,69.0,6.49,Potato,Mango
Clay,37.2,138.2,53.6,44.4,41.9,15.1,7.83,Lentil,Cotton
Clay,24.1,87.0,55.8,91.3,55.3,22.6,6.27,Tomato,Wheat
Sandy Loam,32.3,87.8,63.5,20.5,34.3,33.7,6.37,Wheat,Groundnut
Sandy Loam,28.8,98.7,66.1,52.3,37.8,38.9,5.61,Wheat,Mango
Laterite,26.3,175.7,52.8,72.8,52.4,40.3,6.33,Lentil,Mango
Silty,31.3,258.6,86.9,98.4,47.7,46.5,5.3,Mustard,Rice
Loamy,40.8,103.0,46.8,46.1,33.1,33.5,7.65,Wheat,Cotton
Loamy,20.6,138.0,73.2,99.1,51.1,39.5,5.6,Mango,Maize
Sandy Loam,18.8,61.05,32.7,23.3,30.7,25.8,8.1,Cotton,Lentil
Loamy,12.5,104.0,72.4,94.8,69.0,72.5,4.82,Soybean,Potato
Clay,21.6,211.4,89.5,69.9,52.7,56.8,5.31,Potato,Rice
Loamy,31.9,63.9,50.8,31.8,40.0,41.5,6.01,Sugarcane,Groundnut
Loamy,25.7,48.5,32.4,80.6,44.7,22.2,7.48,Mango,Mustard
Loamy,19.5,49.7,69.8,104.8,53.9,67.3,6.09,Mango,Potato
Loamy,20.9,113.1,58.7,107.5,64.9,30.9,6.32,Groundnut,Wheat
Clay,20.4,130.4,63.9,44.0,56.0,37.4,6.01,Lentil,Soybean
Loamy,33.2,180.4,85.2,105.6,34.7,42.9,5.38,Lentil,Rice
Sandy Loam,24.5,78.2,59.4,64.0,72.6,65.0,5.87,Lentil,Tomato
Laterite,36.6,139.5,59.3,71.2,20.7,41.4,7.15,Mustard,Mango
Silty,18.8,97.0,58.1,27.4,29.5,37.5,7.07,Wheat,Lentil
Red,29.0,108.8,54.3,24.5,58.1,26.7,6.17,Wheat,Groundnut
Loamy,27.7,163.9,65.5,56.9,20.7,52.8,6.89,Sugarcane,Mango
Loamy,13.2,89.2,37.6,96.6,60.5,25.2,6.56,Potato,Wheat
Sandy Loam,29.4,95.9,55.8,51.6,43.6,33.6,6.36,Soybean,Mango
Loamy,18.6,63.8,53.3,84.5,47.5,25.8,7.17,Tomato,Mustard
Sandy Loam,37.2,154.1,53.1,65.0,44.3,69.4,5.58,Maize,Mango
Silty,31.7,206.7,59.7,136.4,45.2,41.1,7.34,Soybean,Sugarcane
Silty,31.4,83.3,77.3,69.1,74.7,45.7,6.36,Mustard,Tomato
Clay,31.3,99.4,42.5,90.1,24.7,40.5,7.31,Groundnut,Cotton
Loamy,26.3,118.5,67.4,42.4,41.8,50.6,6.97,Maize,Groundnut
Sandy Loam,10.6,68.8,42.0,80.7,67.9,43.7,6.73,Sugarcane,Wheat
Sandy Loam,23.8,78.1,80.3,58.7,62.7,29.6,7.3,Rice,Soybean
Laterite,33.5,143.4,60.2,43.1,23.5,38.1,6.52,Sugarcane,Mango
Loamy,28.4,211.2,79.2,94.1,59.7,59.7,5.5,Mango,Rice
Sandy Loam,17.8,79.0,47.0,114.2,66.9,22.5,6.29,Rice,Wheat
Silty,21.6,41.4,73.5,96.4,77.9,55.9,6.0,Wheat,Potato
Silty,32.9,274.2,80.7,77.6,31.5,45.9,6.78,Groundnut,Rice
Loamy,23.1,119.0,69.2,97.3,61.8,76.0,4.94,Tomato,Potato
Clay,33.0,59.7,47.9,86.2,39.7,15.9,6.24,Potato,Cotton
Clay,39.1,62.8,55.6,77.3,45.4,38.0,7.58,Maize,Cotton
Sandy Loam,20.6,35.0,68.1,85.4,48.8,45.3,6.28,Mustard,Potato
Clay,22.3,40.8,49.4,81.1,29.5,33.2,6.75,Cotton,Mustard
Red,32.6,72.3,71.9,29.55,46.9,53.5,6.02,Lentil,Groundnut
Sandy Loam,22.6,62.6,50.8,23.6,58.8,44.2,6.71,Cotton,Groundnut
Sandy Loam,24.35,56.9,55.1,110.9,56.9,49.6,6.88,Wheat,Tomato
Clay,29.1,203.6,62.4,111.9,70.7,57.3,6.06,Mango,Sugarcane
Sandy Loam,21.4,85.3,61.5,61.9,77.6,73.7,6.42,Mango,Potato
Sandy Loam,25.0,76.9,72.8,90.9,63.4,48.5,6.13,Soybean,Tomato
Loamy,32.8,232.8,95.9,102.8,62.8,44.5,6.74,Mustard,Rice
Loamy,26.7,105.9,76.0,98.2,40.0,69.1,6.48,Rice,Sugarcane
Clay,22.7,56.3,29.0,44.2,24.1,28.4,7.0,Lentil,Mustard
Clay,37.4,109.4,78.4,144.3,50.1,67.1,6.22,Groundnut,Sugarcane
Clay,16.1,92.6,53.7,108.45,60.8,49.9,7.33,Tomato,Wheat
Clay,20.5,95.3,44.4,129.5,82.2,35.0,6.56,Maize,Wheat
Clay,31.1,59.3,55.7,31.6,53.8,36.0,6.38,Maize,Soybean
Silty,26.5,88.4,70.4,125.0,46.0,36.8,6.44,Mustard,Maize
Silty,19.05,61.1,62.5,58.0,87.4,47.8,4.75,Maize,Potato
Clay,27.6,136.7,57.6,90.9,73.3,61.7,6.83,Soybean,Sugarcane
Clay,23.9,82.9,51.5,94.9,68.1,42.8,6.18,Sugarcane,Wheat
Clay,14.7,88.6,61.4,128.7,53.0,33.1,6.1,Cotton,Wheat
Sandy Loam,15.2,110.1,60.4,89.3,53.8,73.2,5.55,Mango,Potato
Silty,29.1,137.6,95.4,115.4,58.6,57.9,6.08,Potato,Rice
Clay,35.3,265.5,77.7,114.8,51.5,47.5,6.5,Maize,Sugarcane
Red,27.3,114.2,72.4,34.5,50.9,36.0,6.11,Tomato,Groundnut
Loamy,36.3,281.7,77.4,74.0,58.0,46.5,5.93,Tomato,Rice
Red,32.1,125.1,57.4,22.1,58.2,22.8,6.38,Lentil,Groundnut
Silty,26.7,150.2,87.2,146.5,71.5,36.4,7.15,Wheat,Sugarcane
Silty,23.9,100.8,65.6,74.6,64.8,40.8,5.67,Wheat,Tomato
Clay,9.8,89.7,35.9,134.8,67.2,26.2,5.96,Cotton,Wheat
Sandy Loam,25.2,111.0,59.4,108.8,53.9,46.7,7.37,Groundnut,Wheat
Loamy,31.2,165.6,63.8,48.6,43.5,60.4,6.58,Groundnut,Mango
Sandy Loam,15.9,109.6,67.7,110.8,56.0,47.6,7.17,Wheat,Maize
Clay,30.6,65.3,60.7,45.9,63.0,41.7,6.97,Potato,Soybean
Clay,12.4,63.0,43.4,124.9,45.3,46.2,6.79,Cotton,Wheat
Sandy Loam,24.5,125.1,68.5,27.9,37.8,28.1,5.78,Tomato,Groundnut
Clay,19.5,55.2,34.6,62.4,37.6,25.0,7.31,Maize,Mustard
Silty,30.8,62.0,52.4,132.7,59.9,33.4,5.86,Tomato,Maize
Laterite,36.3,137.0,73.6,62.6,41.1,63.9,5.66,Tomato,Mango
Clay,26.3,86.3,45.1,48.7,43.0,16.2,7.66,Soybean,Cotton
Red,30.9,71.7,72.1,29.5,35.2,29.9,6.39,Rice,Groundnut
Silty,19.8,103.3,66.4,91.8,57.3,43.2,6.35,Soybean,Potato
Sandy Loam,23.5,56.0,55.1,83.1,59.8,71.3,5.81,Mango,Tomato
Clay,21.0,154.7,82.5,67.8,64.1,46.2,6.55,Soybean,Rice
Clay,23.2,103.9,57.3,49.4,44.6,22.1,6.65,Potato,Soybean
Silty,27.0,34.0,49.7,86.3,74.9,72.1,6.64,Rice,Tomato
Clay,22.8,53.2,77.4,57.2,31.9,25.5,7.13,Tomato,Soybean
Sandy Loam,32.8,173.4,64.8,58.6,31.9,48.9,5.56,Tomato,Mango
Black,37.6,85.8,67.1,47.5,40.3,30.8,6.97,Potato,Cotton
Clay,10.4,103.1,64.5,128.8,68.6,48.7,6.7,Mustard,Wheat
Loamy,27.7,109.6,57.5,17.8,44.7,26.5,6.76,Lentil,Groundnut
Silty,18.5,106.9,58.8,82.2,40.2,47.2,7.57,Soybean,Maize
Sandy Loam,36.1,98.1,69.2,37.9,43.3,21.6,6.7,Mustard,Groundnut
Loamy,28.9,83.1,55.8,23.8,38.3,30.0,6.98,Potato,Groundnut
Sandy Loam,15.7,70.8,63.5,140.9,69.0,20.8,7.57,Cotton,Wheat
Loamy,38.0,139.0,50.2,84.9,49.0,33.3,5.95,Sugarcane,Cotton
Silty,26.2,81.7,76.1,96.4,63.7,61.3,6.74,Sugarcane,Tomato
Black,38.5,129.0,53.7,85.5,47.1,24.2,6.72,Groundnut,Cotton
Loamy,17.1,62.8,53.6,29.6,30.9,19.0,6.88,Soybean,Lentil
Silty,30.2,92.0,64.9,96.1,47.1,36.9,6.41,Sugarcane,Maize
Silty,25.1,69.8,57.1,84.2,79.3,53.7,5.5,Wheat,Tomato
Loamy,35.6,111.2,59.9,56.5,21.3,67.7,5.75,Sugarcane,Mango
Sandy Loam,35.8,193.8,62.2,71.4,18.9,44.0,6.05,Lentil,Mango
Silty,34.2,192.9,83.7,78.1,33.8,41.3,4.93,Sugarcane,Rice
Silty,19.7,48.2,71.2,82.5,75.5,55.6,6.48,Rice,Potato
Sandy Loam,15.6,65.9,82.3,83.0,70.1,79.9,5.62,Cotton,Potato
Sandy Loam,30.2,132.8,50.6,50.9,21.8,40.2,7.1,Groundnut,Mango
Silty,21.1,88.7,48.3,12.8,31.6,17.1,7.04,Mustard,Lentil
Loamy,34.8,120.3,49.3,67.7,24.2,47.5,6.54,Groundnut,Mango
Loamy,29.7,97.7,43.3,52.2,23.1,32.7,7.4,Potato,Cotton
Loamy,24.8,271.6,81.85,87.1,31.2,54.6,5.82,Soybean,Rice
Sandy Loam,27.7,120.3,55.8,34.4,59.8,47.9,6.54,Mango,Groundnut
Clay,33.3,98.0,59.1,76.9,28.3,41.6,7.005,Tomato,Cotton
Silty,18.2,152.5,69.2,85.4,41.0,39.5,6.63,Soybean,Maize
Silty,21.0,52.7,65.4,71.7,55.5,44.5,6.07,Sugarcane,Potato
Clay,21.4,183.7,72.1,83.7,58.9,34.8,5.9,Potato,Rice
Silty,19.3,57.7,78.4,68.3,70.2,51.5,5.46,Mango,Tomato
Silty,20.4,114.3,52.6,132.0,61.0,40.1,5.87,Cotton,Maize
Black,27.6,88.4,55.0,69.0,22.0,18.8,6.57,Groundnut,Cotton
Loamy,21.0,120.5,53.6,34.9,32.8,50.1,6.14,Tomato,Groundnut
Clay,22.2,71.2,70.0,40.5,38.6,36.4,6.84,Groundnut,Soybean
Clay,22.3,229.7,76.3,61.5,52.9,49.1,5.06,Sugarcane,Rice
Laterite,33.9,124.1,53.5,74.1,28.4,42.0,6.78,Lentil,Mango
Clay,17.7,77.2,56.9,73.4,34.7,30.0,7.06,Maize,Mustard
Loamy,23.3,79.5,72.8,104.1,61.0,66.8,6.14,Soybean,Tomato
Clay,26.0,201.2,80.1,53.3,48.9,54.2,6.17,Lentil,Rice
Sandy Loam,23.0,64.2,46.0,70.3,30.5,29.4,6.85,Tomato,Mustard
Silty,37.4,192.0,64.1,113.2,68.1,58.3,5.53,Mustard,Sugarcane
Silty,20.4,76.4,65.3,51.6,85.3,56.6,5.44,Lentil,Potato
Loamy,20.5,67.9,62.0,82.0,64.9,38.3,6.09,Lentil,Maize
Sandy Loam,12.4,56.9,46.9,50.8,31.9,22.8,6.51,Sugarcane,Mustard
Loamy,33.3,118.5,71.9,120.9,45.4,43.6,5.97,Lentil,Maize
Loamy,33.1,266.2,94.6,95.2,59.5,46.5,5.36,Wheat,Rice
Loamy,25.1,115.9,56.5,48.1,31.5,57.1,6.16,Lentil,Mango
Clay,10.8,109.3,47.3,87.6,60.0,36.0,7.46,Maize,Wheat
Sandy Loam,31.5,173.1,64.0,92.3,34.1,40.7,6.35,Sugarcane,Maize
Sandy Loam,26.3,180.5,62.0,121.7,40.1,41.4,6.1,Lentil,Maize
Loamy,26.4,56.3,55.3,83.6,75.1,42.0,6.52,Soybean,Tomato
Silty,24.0,55.5,55.2,78.9,79.7,61.0,5.56,Rice,Tomato
Black,37.6,51.4,43.1,77.7,30.8,30.1,6.6,Wheat,Cotton
Clay,26.2,78.9,39.5,104.8,73.1,46.5,6.43,Soybean,Wheat
Sandy Loam,17.4,93.6,34.1,102.3,80.1,47.4,7.11,Tomato,Wheat
Silty,37.0,109.0,90.1,83.4,66.1,58.6,6.72,Cotton,Sugarcane
Silty,14.7,36.8,63.3,34.5,51.5,15.0,7.19,Cotton,Lentil
Loamy,21.7,92.8,50.9,21.1,43.2,26.4,6.68,Maize,Lentil
Sandy Loam,21.7,47.3,48.6,76.4,21.2,31.9,7.08,Mango,Mustard
Loamy,20.7,34.6,53.2,40.2,32.9,26.1,6.61,Soybean,Lentil
Loamy,28.4,116.8,51.8,21.5,46.8,43.1,6.97,Cotton,Groundnut
Sandy Loam,11.9,109.9,75.5,65.2,62.6,42.1,5.26,Mustard,Potato
Loamy,13.1,41.2,42.8,43.3,49.0,16.6,6.89,Rice,Mustard
Sandy Loam,33.7,92.9,77.3,62.9,49.3,34.7,7.05,Tomato,Mango
Loamy,16.5,55.3,69.9,60.1,68.8,44.2,4.84,Tomato,Potato
Loamy,19.9,36.9,33.8,26.3,21.8,27.4,6.35,Rice,Lentil
Silty,28.8,257.0,76.6,98.5,54.9,39.6,5.32,Maize,Rice
Clay,32.8,84.6,40.2,75.3,47.2,15.5,6.46,Rice,Cotton
Laterite,27.4,179.2,76.7,60.7,48.8,49.2,7.31,Soybean,Mango
Silty,32.9,247.1,82.3,79.5,42.2,32.4,5.98,Tomato,Rice
Sandy Loam,24.4,115.3,67.5,15.8,41.7,23.3,6.36,Mango,Groundnut
Sandy Loam,21.8,101.6,60.7,84.1,87.1,63.0,5.69,Lentil,Potato
Loamy,29.0,76.3,59.5,95.9,74.0,43.5,5.75,Lentil,Tomato
Sandy Loam,26.7,158.3,51.9,45.9,25.9,41.8,5.84,Maize,Mango
Loamy,21.1,184.3,96.7,57.1,48.9,56.8,5.38,Lentil,Rice
Loamy,11.4,44.3,44.3,50.1,24.5,31.8,6.52,Soybean,Mustard
Clay,24.3,80.0,47.9,106.7,42.7,53.3,7.43,Sugarcane,Wheat
Clay,22.6,187.9,82.5,80.1,58.8,46.8,6.7,Wheat,Rice
Red,31.2,111.1,69.0,23.8,44.3,40.7,5.9,Sugarcane,Groundnut
Sandy Loam,21.5,93.8,56.0,95.7,45.0,50.6,6.46,Sugarcane,Maize
Red,31.3,94.8,61.2,29.9,47.6,42.2,6.58,Wheat,Groundnut
Sandy Loam,26.9,157.4,53.4,71.8,46.4,55.7,6.41,Sugarcane,Maize
Sandy Loam,19.2,81.2,60.6,90.8,57.4,44.7,5.24,Soybean,Potato
Loamy,27.2,165.0,73.6,131.3,60.1,67.4,6.47,Lentil,Sugarcane
Silty,22.0,73.6,78.4,94.3,57.0,41.9,6.48,Rice,Maize
Loamy,25.2,293.0,69.5,71.5,62.4,37.4,6.79,Tomato,Rice
Loamy,20.9,81.2,44.0,54.3,37.0,34.4,7.12,Soybean,Mustard
Clay,25.3,56.5,55.6,62.9,53.4,38.1,6.84,Lentil,Soybean
Silty,26.6,97.3,43.0,39.4,27.5,29.8,7.26,Tomato,Lentil
Black,35.9,101.7,52.5,51.7,38.0,41.7,7.005,Mango,Cotton
Clay,38.1,150.8,41.5,79.5,29.1,45.1,6.88,Mango,Cotton
Clay,16.0,81.3,37.0,61.3,45.1,31.7,6.12,Mango,Mustard
Loamy,19.3,60.1,59.6,89.4,56.6,62.5,5.53,Lentil,Tomato
Silty,26.5,161.0,73.8,94.6,32.6,38.9,5.78,Wheat,Maize
Sandy Loam,28.4,115.9,72.8,37.1,55.7,44.2,6.32,Mustard,Groundnut
Sandy Loam,24.35,63.4,56.5,80.4,57.1,57.9,6.22,Wheat,Tomato
Clay,18.7,42.8,50.4,51.1,41.4,22.9,6.12,Potato,Mustard
Loamy,28.1,183.0,68.5,53.7,27.6,48.4,7.39,Potato,Mango
Loamy,23.2,104.9,73.2,73.6,66.6,70.9,4.89,Cotton,Potato
Loamy,19.3,120.1,73.3,101.4,50.6,47.4,5.54,Mustard,Maize
Red,34.7,109.2,64.1,37.7,41.9,34.1,6.44,Mango,Groundnut
Loamy,20.1,94.4,64.4,54.3,64.3,48.6,6.05,Tomato,Potato
Loamy,29.8,113.6,67.0,27.7,53.9,25.7,6.39,Mustard,Groundnut
Silty,27.6,74.2,71.5,105.1,49.0,46.8,6.07,Maize,Tomato
Silty,31.8,232.8,84.9,112.6,50.1,48.7,5.91,Wheat,Rice
Sandy Loam,29.1,74.4,56.1,67.3,59.9,67.7,6.64,Potato,Tomato
Sandy Loam,31.2,202.0,68.5,49.3,23.5,52.0,7.17,Soybean,Mango
Clay,29.9,111.5,63.4,85.0,22.3,35.6,6.45,Maize,Cotton
Sandy Loam,38.4,126.2,51.2,83.9,47.4,58.3,6.27,Potato,Mango
Loamy,29.8,72.6,71.3,45.7,50.1,43.9,7.0,Sugarcane,Groundnut
Sandy Loam,27.5,123.5,59.8,12.8,41.6,33.2,6.07,Mango,Groundnut
Clay,28.3,290.9,94.8,97.3,55.3,43.3,6.9,Maize,Rice
Loamy,24.35,93.7,77.1,108.6,86.3,53.6,5.79,Wheat,Tomato
Clay,22.1,299.7,81.8,61.0,68.6,40.4,4.95,Soybean,Rice
Sandy Loam,28.8,92.3,71.8,34.5,56.3,36.2,7.24,Maize,Soybean
Silty,26.8,154.0,66.9,103.5,65.4,76.7,6.34,Rice,Sugarcane
Clay,36.9,102.6,41.0,77.9,39.0,32.8,7.04,Mango,Cotton
Silty,23.4,38.1,77.6,77.1,76.5,44.1,6.21,Soybean,Tomato
Sandy Loam,28.4,100.9,63.2,34.2,51.2,49.8,6.03,Sugarcane,Groundnut
Clay,24.8,215.3,80.1,67.6,50.5,33.4,6.74,Maize,Rice
Silty,10.6,49.4,63.4,94.1,59.2,49.4,4.92,Maize,Potato
Red,31.2,87.2,65.5,19.2,41.6,17.6,6.5,Cotton,Groundnut
Sandy Loam,25.4,61.05,58.6,26.4,35.0,21.4,7.33,Soybean,Lentil
Silty,28.7,169.1,67.2,132.8,41.5,39.1,6.39,Soybean,Maize
Clay,15.9,37.0,32.1,61.8,33.5,25.0,6.3,Cotton,Mustard
Loamy,34.6,88.8,54.5,52.5,22.2,23.3,6.69,Sugarcane,Cotton
Loamy,22.4,114.8,72.5,55.3,40.9,33.0,6.73,Groundnut,Soybean
Loamy,15.5,107.2,86.3,83.6,88.4,60.9,6.24,Maize,Potato
Loamy,19.2,92.7,69.4,76.7,71.5,37.7,5.94,Lentil,Potato
Clay,12.9,44.3,40.8,49.5,31.9,24.8,6.46,Rice,Mustard
Sandy Loam,24.9,127.2,68.3,92.4,58.6,35.3,7.21,Rice,Maize
Sandy Loam,17.4,96.5,30.3,75.3,66.2,43.7,7.32,Cotton,Wheat
Loamy,15.4,75.7,50.3,129.2,62.0,20.1,6.32,Potato,Wheat
Sandy Loam,24.8,94.3,64.6,122.1,42.0,29.1,6.41,Rice,Maize
Sandy Loam,16.5,81.7,50.4,17.9,47.9,30.3,7.85,Groundnut,Lentil
Sandy Loam,19.0,77.7,80.8,96.7,63.1,60.9,6.03,Wheat,Tomato
Sandy Loam,23.4,89.2,72.6,25.3,30.2,32.7,6.5,Potato,Soybean
Sandy Loam,25.0,72.5,51.9,95.0,50.6,44.0,6.92,Tomato,Maize
Loamy,36.6,117.1,40.8,70.5,33.1,25.7,7.45,Lentil,Cotton
Clay,31.3,75.4,62.1,88.2,50.3,46.6,6.75,Soybean,Cotton
Loamy,21.2,38.6,57.7,22.9,45.2,25.4,6.36,Rice,Lentil
Loamy,28.8,68.4,63.3,12.8,36.1,17.9,6.87,Mango,Groundnut
Clay,25.6,99.5,68.4,48.3,38.4,35.6,6.92,Wheat,Soybean
Loamy,25.4,108.0,80.1,148.8,52.3,78.4,6.22,Wheat,Sugarcane
Silty,17.8,103.0,74.2,65.3,56.2,43.8,6.29,Maize,Potato
Loamy,12.6,89.6,74.1,70.2,78.3,39.1,6.29,Tomato,Potato
Red,31.2,110.9,48.7,45.3,52.7,31.5,6.11,Rice,Groundnut
Clay,33.9,150.6,92.2,73.1,66.3,33.9,5.27,Wheat,Rice
Silty,33.9,305.4,79.4,96.5,38.4,30.7,5.98,Tomato,Rice
Silty,24.4,77.3,61.8,32.2,21.1,22.5,6.06,Sugarcane,Lentil
Clay,28.5,241.4,93.9,117.3,59.9,57.5,6.94,Rice,Sugarcane
Clay,10.7,79.1,56.6,127.4,53.3,30.5,6.27,Sugarcane,Wheat
Sandy Loam,20.6,106.8,59.5,37.0,38.8,31.7,7.69,Maize,Lentil
Loamy,20.7,100.8,55.0,85.9,66.7,33.9,6.67,Mango,Maize
Loamy,28.2,114.6,62.7,35.9,48.8,31.2,6.69,Wheat,Groundnut
Silty,30.0,228.7,59.5,125.4,45.1,49.5,7.12,Mustard,Sugarcane
Sandy Loam,11.4,47.2,49.6,45.5,34.9,25.4,6.3,Rice,Mustard
Red,22.2,65.2,54.0,29.0,40.5,47.6,5.97,Maize,Groundnut
Loamy,18.5,83.6,64.7,73.6,53.7,62.4,6.33,Wheat,Potato
Clay,28.5,162.7,65.1,121.5,44.3,69.4,6.11,Potato,Sugarcane
Loamy,31.0,94.6,75.0,29.5,51.7,19.0,6.18,Tomato,Soybean
Clay,24.9,116.4,84.7,102.6,52.9,45.1,7.13,Rice,Sugarcane
Sandy Loam,12.6,89.5,53.1,110.4,53.6,41.9,7.02,Mango,Wheat
Laterite,26.9,92.8,53.9,78.9,26.3,42.8,7.13,Lentil,Mango
Loamy,29.7,174.2,70.3,77.5,23.7,34.4,7.12,Soybean,Mango
Sandy Loam,23.4,86.25,47.9,138.9,54.1,32.6,6.07,Soybean,Wheat
Loamy,12.1,78.0,28.1,64.6,24.8,22.2,6.68,Lentil,Mustard
Laterite,26.9,88.3,57.5,72.5,48.4,66.2,6.95,Tomato,Mango
Loamy,25.9,201.6,74.5,66.1,23.1,34.5,6.54,Sugarcane,Mango
Red,33.0,45.2,58.4,29.55,34.4,43.0,6.08,Tomato,Groundnut
Loamy,26.5,248.1,66.9,108.8,54.2,69.9,6.47,Soybean,Sugarcane
Clay,22.5,185.2,70.3,128.6,61.4,80.5,5.58,Maize,Sugarcane
Loamy,27.2,168.8,85.5,143.2,47.9,65.9,7.36,Lentil,Sugarcane
Clay,26.5,104.8,80.5,127.6,61.7,53.3,6.9,Maize,Sugarcane
Sandy Loam,21.8,83.4,72.4,26.1,55.7,52.8,6.19,Groundnut,Soybean
Sandy Loam,21.5,171.7,61.5,94.9,61.4,26.8,5.7,Groundnut,Maize
Loamy,29.9,88.1,75.5,31.3,63.8,24.4,6.71,Wheat,Soybean
Silty,18.7,91.7,32.5,16.4,26.1,30.5,6.27,Tomato,Lentil
Sandy Loam,27.7,74.5,73.9,76.5,71.8,62.6,6.41,Mango,Tomato
Sandy Loam,28.2,82.7,63.1,30.9,43.0,27.2,5.92,Potato,Groundnut
Clay,23.0,136.7,73.7,110.4,52.2,53.0,6.64,Maize,Rice
Loamy,22.2,50.1,51.2,69.1,41.1,21.6,6.0,Tomato,Mustard
Loamy,29.8,117.8,83.6,25.0,59.6,23.7,7.21,Sugarcane,Soybean
Loamy,32.4,99.4,69.4,46.7,45.6,40.6,7.46,Lentil,Cotton
Clay,30.3,118.4,57.0,53.3,23.6,37.5,7.32,Lentil,Cotton
Loamy,14.7,61.05,36.6,24.4,35.0,17.3,7.115,Groundnut,Lentil
Silty,27.5,55.5,80.3,81.5,75.1,42.1,6.36,Cotton,Tomato
Clay,31.4,111.5,75.1,34.2,38.6,43.2,6.58,Groundnut,Soybean
Clay,29.9,106.4,74.3,150.9,49.6,60.5,7.03,Cotton,Sugarcane
Loamy,26.7,74.4,69.0,98.5,81.6,52.2,6.56,Lentil,Tomato
Loamy,27.0,188.8,54.6,60.1,22.6,61.9,6.21,Mustard,Mango
Clay,28.7,139.5,81.8,145.0,74.1,45.0,6.71,Wheat,Sugarcane
Sandy Loam,13.0,52.9,57.4,42.5,24.7,26.8,7.28,Lentil,Mustard
Loamy,32.4,288.9,97.7,93.0,62.6,55.5,6.54,Cotton,Rice
Silty,13.6,102.8,72.4,66.1,80.9,73.6,5.62,Sugarcane,Potato
Silty,22.1,163.5,72.3,66.1,35.5,30.8,5.94,Lentil,Rice
Clay,36.7,263.2,75.1,110.5,69.0,41.4,5.07,Tomato,Rice
Loamy,19.2,63.8,33.7,49.6,25.1,30.4,6.27,Mango,Mustard
Loamy,19.6,236.4,74.5,78.1,29.2,37.6,5.84,Cotton,Rice
Loamy,21.5,88.3,70.0,64.8,24.7,31.1,6.89,Sugarcane,Mango
Laterite,37.6,121.8,59.7,63.5,23.8,53.4,7.34,Soybean,Mango
Sandy Loam,27.1,61.5,50.3,68.8,49.0,57.9,6.28,Rice,Tomato
Sandy Loam,19.3,76.2,83.3,65.3,70.7,56.4,6.51,Potato,Tomato
Loamy,27.4,147.6,46.3,68.6,45.5,32.4,6.63,Lentil,Cotton
Loamy,29.2,60.0,54.0,33.7,38.6,31.1,6.81,Cotton,Groundnut
Loamy,27.6,187.6,49.9,68.8,41.7,38.6,7.46,Mustard,Mango
Loamy,20.8,77.1,73.9,103.7,78.7,57.5,5.98,Maize,Tomato
Clay,10.8,53.7,53.4,54.9,37.6,21.7,6.92,Maize,Mustard
Loamy,29.4,199.4,85.0,102.1,68.8,56.7,5.94,Groundnut,Sugarcane
Clay,27.3,67.4,59.1,38.6,32.9,31.2,7.02,Tomato,Soybean
Sandy Loam,16.3,64.8,59.6,50.4,24.7,28.6,6.1,Lentil,Mustard
Sandy Loam,27.4,139.9,81.4,30.0,35.9,28.4,6.72,Groundnut,Soybean
Silty,12.6,83.6,80.3,74.7,68.1,42.9,6.23,Maize,Potato
Clay,22.2,98.3,64.5,108.45,71.1,25.8,7.25,Lentil,Wheat
Loamy,22.3,93.6,63.5,70.1,67.8,46.7,7.08,Sugarcane,Tomato
Sandy Loam,26.5,176.3,77.4,49.1,43.7,55.5,6.38,Cotton,Mango
Silty,27.6,49.3,36.7,18.9,54.4,31.3,7.47,Groundnut,Lentil
Clay,21.0,131.0,86.9,99.5,59.9,33.9,6.65,Wheat,Rice
Sandy Loam,14.1,31.1,58.5,39.9,51.2,18.7,6.04,Tomato,Lentil
Loamy,26.1,98.7,70.9,71.2,62.8,63.3,6.52,Mango,Tomato
Clay,26.1,68.6,61.0,88.5,49.3,19.3,7.29,Soybean,Wheat
Laterite,37.6,105.5,63.8,63.8,29.8,31.3,6.72,Groundnut,Mango
Loamy,30.2,224.9,88.0,78.1,65.0,56.2,7.02,Wheat,Rice
Loamy,24.6,55.0,69.4,118.1,37.3,32.5,7.29,Sugarcane,Wheat
Clay,35.4,183.1,81.1,88.4,65.7,49.1,6.47,Tomato,Rice
Loamy,31.3,138.0,47.1,47.7,44.7,15.5,7.61,Soybean,Cotton
Clay,38.2,231.4,63.0,127.7,42.9,73.7,7.01,Mango,Sugarcane
Sandy Loam,33.8,125.4,56.5,33.3,54.9,41.1,6.89,Lentil,Groundnut
Loamy,18.6,55.3,46.0,24.3,26.6,39.3,6.13,Groundnut,Lentil
Sandy Loam,18.8,55.9,34.8,117.5,53.3,24.0,6.31,Mustard,Wheat
Clay,18.0,78.9,51.8,62.7,29.5,22.8,6.63,Potato,Mustard
Silty,15.5,44.4,32.4,20.2,33.5,35.2,7.59,Tomato,Lentil
Loamy,27.4,149.6,55.9,74.5,26.0,44.7,7.53,Wheat,Mango
Loamy,25.4,139.7,55.4,77.2,35.1,36.9,7.43,Mustard,Cotton
Loamy,33.1,113.8,46.6,34.2,35.5,25.9,5.84,Cotton,Groundnut
Loamy,28.0,67.9,51.9,110.6,80.6,42.3,6.7,Sugarcane,Tomato
Clay,15.4,39.8,58.7,68.0,34.5,24.9,6.16,Lentil,Mustard
Clay,23.0,102.2,76.0,135.9,61.7,42.1,5.9,Groundnut,Sugarcane
Sandy Loam,20.8,41.6,58.5,69.9,48.4,24.0,6.8,Potato,Mustard
Clay,28.2,187.9,81.2,72.8,51.4,47.6,5.05,Maize,Rice
Clay,18.7,65.3,40.9,106.9,64.2,35.8,6.15,Groundnut,Wheat
Sandy Loam,28.6,57.0,63.9,64.4,49.7,52.6,5.79,Soybean,Tomato
Silty,29.8,96.5,46.6,71.9,74.1,60.3,6.26,Maize,Tomato
Loamy,23.5,53.4,35.6,17.1,48.7,25.1,7.76,Groundnut,Lentil
Clay,12.5,118.1,53.3,102.9,56.4,44.3,7.0,Rice,Wheat
Sandy Loam,19.9,61.3,43.9,71.6,37.8,25.6,6.76,Tomato,Mustard
Sandy Loam,32.0,174.5,66.2,75.1,47.1,47.6,6.87,Soybean,Mango
Sandy Loam,28.5,55.5,64.6,23.0,42.0,23.9,5.77,Maize,Groundnut
Loamy,26.5,85.8,68.5,19.9,62.5,32.5,6.17,Rice,Groundnut
Clay,25.5,90.0,62.1,90.6,32.6,14.7,7.23,Mango,Cotton
Sandy Loam,22.6,146.8,72.9,44.8,43.1,48.5,7.27,Mango,Soybean
Loamy,21.5,54.9,45.0,85.15,67.9,48.6,6.29,Soybean,Tomato
Loamy,10.7,79.6,50.4,63.0,48.9,18.6,6.3,Sugarcane,Mustard
Loamy,29.4,228.2,81.6,92.0,39.6,36.4,6.74,Soybean,Rice
Silty,31.2,162.9,86.0,95.1,37.7,66.0,5.62,Potato,Sugarcane
Loamy,18.1,82.6,32.3,118.1,68.6,36.8,6.24,Cotton,Wheat
Silty,19.7,90.3,81.9,74.8,69.4,65.1,4.87,Tomato,Potato
Laterite,28.0,168.5,69.4,64.0,40.7,51.1,6.73,Groundnut,Mango
Sandy Loam,26.9,74.4,75.0,67.5,67.8,57.9,5.92,Soybean,Tomato
Sandy Loam,27.5,93.1,60.3,29.7,31.9,20.5,5.85,Tomato,Groundnut
Loamy,24.2,48.0,78.1,104.3,58.4,39.4,5.95,Mustard,Tomato
Loamy,37.0,157.7,56.0,62.0,42.6,34.8,7.1,Mustard,Cotton
Sandy Loam,21.1,69.7,78.3,109.9,62.3,50.1,6.57,Mango,Tomato
Laterite,29.7,78.0,75.3,45.1,31.7,34.1,5.69,Tomato,Mango
Loamy,37.9,173.1,65.5,73.9,17.6,44.7,6.8,Cotton,Mango
Clay,22.7,79.0,77.5,53.2,58.9,44.8,6.86,Potato,Soybean
Loamy,24.9,78.5,62.4,35.0,47.7,50.6,6.45,Sugarcane,Groundnut
Sandy Loam,25.3,130.1,55.3,104.2,57.3,38.1,7.16,Groundnut,Maize
Loamy,24.6,93.1,81.1,103.5,55.0,39.6,6.9,Mustard,Tomato
Loamy,28.2,140.9,72.1,58.2,30.3,27.9,6.95,Lentil,Mango
Loamy,25.4,89.7,68.7,81.7,62.3,46.7,6.67,Cotton,Tomato
Clay,28.2,236.7,88.0,116.3,43.9,53.0,7.46,Groundnut,Sugarcane
Laterite,30.45,155.6,73.2,60.4,47.9,53.4,7.02,Cotton,Mango
Sandy Loam,27.1,95.2,59.2,42.0,40.1,47.3,6.46,Wheat,Groundnut
Loamy,35.4,279.1,82.2,67.7,46.8,43.8,6.39,Potato,Rice
Loamy,31.3,210.5,73.5,134.4,73.9,64.1,6.44,Cotton,Sugarcane
Loamy,30.6,195.7,74.9,71.4,51.45,56.9,6.76,Groundnut,Rice
Sandy Loam,15.7,76.0,72.7,56.5,87.8,51.0,6.18,Soybean,Potato
Silty,27.5,302.3,78.0,64.9,60.4,37.7,6.63,Wheat,Rice
Silty,37.8,194.0,74.0,132.2,57.6,58.6,6.62,Mango,Sugarcane
Loamy,15.2,55.2,51.2,70.6,43.5,34.5,6.97,Rice,Mustard
Silty,16.4,79.2,59.0,81.5,52.9,55.9,6.4,Cotton,Potato
Loamy,23.2,130.5,52.6,113.1,42.5,49.9,6.07,Mango,Maize
Clay,24.0,216.2,76.0,94.5,41.2,79.7,6.44,Wheat,Sugarcane
Loamy,24.3,77.9,54.5,29.0,46.2,36.0,6.44,Lentil,Groundnut
Sandy Loam,24.5,89.9,50.6,30.8,61.8,35.9,6.13,Sugarcane,Groundnut
Sandy Loam,16.9,81.0,55.7,134.7,75.4,25.4,6.07,Cotton,Wheat
Loamy,13.9,92.0,64.3,100.0,50.7,60.3,5.81,Mustard,Potato
Clay,13.6,86.0,29.9,144.5,52.3,27.5,6.14,Tomato,Wheat
Sandy Loam,22.6,82.3,65.7,107.5,48.2,47.6,7.21,Rice,Maize
Sandy Loam,30.0,74.7,86.1,45.5,41.0,30.2,6.79,Sugarcane,Soybean
Sandy Loam,21.3,91.3,57.0,87.9,71.6,63.0,6.06,Rice,Tomato
Sandy Loam,16.1,81.2,44.4,70.8,29.2,21.5,6.4,Lentil,Mustard
Sandy Loam,17.7,55.5,39.8,12.8,20.4,27.0,6.39,Wheat,Lentil
Loamy,28.6,228.0,71.4,67.4,54.7,47.4,5.29,Maize,Rice
Sandy Loam,22.1,124.4,73.9,36.8,46.1,35.8,6.98,Mustard,Groundnut
Clay,23.4,70.4,61.8,103.5,35.7,18.7,6.39,Tomato,Wheat
Sandy Loam,26.3,68.8,53.2,28.1,31.8,34.0,6.27,Mustard,Soybean
Sandy Loam,22.6,139.3,72.0,23.1,30.4,25.6,6.73,Tomato,Soybean
Sandy Loam,33.7,115.7,55.0,40.8,57.0,35.7,6.65,Sugarcane,Groundnut
Sandy Loam,20.7,69.6,62.4,25.5,41.1,39.0,6.15,Rice,Soybean
Loamy,31.6,97.3,63.0,51.4,20.3,42.4,6.25,Groundnut,Mango
Clay,27.5,270.9,85.1,97.3,64.2,55.8,6.16,Maize,Rice
Loamy,17.0,218.5,71.7,81.5,30.0,58.4,6.73,Sugarcane,Rice
Loamy,23.5,86.5,42.3,114.4,46.0,43.9,6.73,Soybean,Wheat
Loamy,29.6,41.6,63.9,99.2,64.2,46.4,6.13,Rice,Tomato
Sandy Loam,19.1,96.4,57.7,77.6,50.0,26.9,6.51,Mango,Maize
Clay,28.9,170.0,63.1,90.6,39.3,51.1,6.41,Mustard,Sugarcane
Clay,23.9,264.1,79.1,64.9,26.9,40.8,6.6,Wheat,Rice
Loamy,37.3,105.6,39.2,55.1,42.2,39.5,7.005,Soybean,Cotton
Laterite,35.9,93.0,72.1,56.0,26.7,51.1,6.3,Rice,Mango
Loamy,33.2,95.3,58.7,24.8,57.6,31.9,6.89,Soybean,Groundnut
Clay,26.9,96.5,66.7,47.8,36.9,23.4,7.02,Groundnut,Soybean
Silty,16.6,85.8,73.8,88.8,56.0,43.3,5.59,Rice,Potato
Loamy,22.5,96.4,58.8,137.5,52.6,39.2,6.46,Maize,Wheat
Loamy,21.4,63.7,36.1,78.9,42.1,20.0,7.28,Sugarcane,Mustard
Loamy,34.0,106.3,64.5,57.1,42.5,24.4,6.49,Sugarcane,Soybean
Silty,21.2,144.2,62.2,64.4,61.1,36.6,5.73,Rice,Maize
Sandy Loam,31.0,92.8,58.8,80.5,57.7,50.5,5.71,Lentil,Tomato
Clay,21.0,99.1,29.9,109.7,77.7,49.0,7.21,Rice,Wheat
Silty,29.6,128.9,59.8,102.9,39.2,31.9,5.79,Cotton,Maize
Clay,31.0,245.6,85.0,129.4,67.6,63.5,6.67,Tomato,Sugarcane
Sandy Loam,29.0,86.4,87.2,41.1,55.5,41.5,6.45,Cotton,Soybean
Loamy,23.1,314.9,83.7,118.7,56.7,59.4,6.6,Mustard,Rice
Silty,18.7,124.0,72.8,53.3,84.1,73.7,6.1,Mango,Potato
Loamy,15.4,103.0,80.6,70.7,80.4,70.7,4.86,Sugarcane,Potato
Silty,25.4,92.0,72.7,68.1,55.0,70.0,5.67,Potato,Tomato
Silty,29.6,217.7,78.0,71.3,46.8,53.8,5.49,Wheat,Rice
Sandy Loam,29.3,115.6,54.3,38.2,54.5,29.7,6.47,Rice,Groundnut
Loamy,11.5,74.3,51.6,92.1,53.0,41.9,7.21,Potato,Wheat
Sandy Loam,22.4,74.8,76.4,69.0,65.0,53.4,5.88,Cotton,Potato
Sandy Loam,26.3,104.1,61.5,43.7,58.4,28.9,6.18,Maize,Soybean
Red,35.0,91.1,72.2,36.2,32.9,41.7,5.91,Rice,Groundnut
Loamy,32.3,170.8,63.0,47.5,48.8,48.3,5.7,Rice,Mango
Laterite,30.45,134.7,65.0,45.3,26.5,37.3,6.8,Rice,Mango
Sandy Loam,8.5,59.2,56.6,88.1,62.2,22.4,7.39,Mustard,Wheat
Laterite,23.0,100.3,59.6,60.1,30.1,61.3,5.84,Lentil,Mango
Sandy Loam,25.6,55.8,39.8,43.2,32.9,22.3,7.34,Rice,Lentil
Sandy Loam,30.6,159.3,65.9,87.7,38.3,37.4,6.79,Soybean,Maize
Loamy,20.3,227.6,97.9,103.8,50.4,54.0,6.59,Groundnut,Rice
Sandy Loam,34.6,56.0,71.9,30.9,47.2,23.2,5.82,Tomato,Groundnut
Sandy Loam,19.7,38.4,60.7,36.6,20.2,25.8,7.3,Groundnut,Lentil
Sandy Loam,28.9,71.8,80.0,25.6,38.1,34.6,7.08,Sugarcane,Soybean
Silty,23.7,174.4,66.3,90.9,55.9,46.4,6.12,Wheat,Maize
Loamy,20.5,171.7,53.7,92.2,41.2,38.6,5.59,Mango,Maize
Sandy Loam,21.7,50.5,64.3,86.6,67.8,43.8,5.55,Rice,Tomato
Sandy Loam,19.9,121.0,78.4,75.4,40.0,30.5,5.69,Groundnut,Maize
Loamy,27.8,186.9,86.8,97.0,57.6,80.5,5.9,Groundnut,Sugarcane
Loamy,32.9,90.7,71.4,16.0,33.0,50.2,6.34,Cotton,Groundnut
Sandy Loam,15.0,67.9,31.2,42.0,35.3,18.1,7.41,Potato,Mustard
Red,32.3,58.1,69.7,32.1,59.5,40.6,5.9,Potato,Groundnut
Loamy,23.7,79.4,52.0,109.7,61.9,34.6,6.81,Mango,Wheat
Silty,21.9,108.3,58.8,57.0,62.8,66.1,5.14,Sugarcane,Potato
Sandy Loam,24.3,69.4,75.0,102.4,79.4,64.2,6.39,Mango,Tomato
Laterite,27.5,169.6,54.1,39.5,29.3,65.5,7.51,Lentil,Mango
Silty,23.5,100.6,55.1,92.3,75.7,45.0,6.0,Groundnut,Tomato
Clay,28.1,173.8,74.2,133.4,55.7,78.3,5.57,Tomato,Sugarcane
Black,34.6,103.0,63.5,89.4,31.1,41.1,6.87,Groundnut,Cotton
Clay,29.5,61.6,86.0,39.6,54.4,45.2,6.89,Tomato,Soybean
Loamy,17.2,89.1,48.0,29.7,31.4,18.6,7.71,Maize,Lentil
Sandy Loam,34.8,102.8,62.4,19.0,49.1,42.4,6.92,Soybean,Groundnut
Clay,36.6,96.0,51.4,47.8,47.5,12.8,8.12,Mustard,Cotton
Loamy,35.0,179.3,62.7,64.0,27.5,32.8,7.33,Groundnut,Mango
Loamy,25.2,172.3,70.4,94.7,61.2,58.0,6.47,Rice,Sugarcane
Sandy Loam,15.0,106.4,35.7,85.7,66.6,34.5,6.56,Cotton,Wheat
Black,35.2,61.0,41.8,45.8,30.9,40.9,6.79,Rice,Cotton
Loamy,20.1,80.2,66.4,29.4,29.6,30.7,7.37,Soybean,Lentil
Loamy,35.2,145.0,66.1,107.0,52.2,42.2,6.37,Mango,Sugarcane
Sandy Loam,20.5,62.9,65.9,76.1,81.0,74.8,5.63,Sugarcane,Potato
Silty,20.3,117.0,75.7,108.3,46.9,33.4,6.96,Soybean,Maize
Clay,20.6,307.4,86.6,69.6,48.8,56.3,5.31,Maize,Rice
Loamy,18.0,37.8,65.7,41.8,48.0,23.3,7.62,Wheat,Lentil
Silty,20.5,83.5,83.8,79.4,60.9,54.7,5.08,Tomato,Potato
Silty,18.0,77.7,64.1,31.3,28.3,29.0,6.4,Potato,Lentil
Laterite,32.5,111.2,75.2,55.6,49.4,37.5,5.82,Wheat,Mango
Clay,13.0,86.5,55.8,121.2,69.1,26.9,7.44,Rice,Wheat
Red,24.1,128.0,56.3,27.7,31.6,38.1,6.15,Mustard,Groundnut
Loamy,17.0,124.4,60.8,74.6,76.7,65.9,5.62,Lentil,Potato
Sandy Loam,24.35,81.5,52.6,110.1,57.9,69.7,6.38,Rice,Tomato
Laterite,26.5,131.4,63.8,71.4,22.0,65.2,7.23,Potato,Mango
Clay,24.7,107.6,79.9,115.0,65.6,66.3,6.8,Maize,Sugarcane
Sandy Loam,26.3,112.9,58.7,61.6,57.8,36.9,6.6,Cotton,Soybean
Silty,21.2,34.7,71.9,73.6,56.3,50.5,6.4,Rice,Tomato
Sandy Loam,26.3,94.6,63.4,113.5,88.0,43.8,5.67,Wheat,Tomato
Sandy Loam,28.5,121.1,63.4,39.1,52.3,17.0,6.17,Mango,Groundnut
Loamy,21.0,102.1,50.6,93.3,56.2,29.0,7.36,Mango,Wheat
Sandy Loam,16.0,86.4,68.8,78.4,52.0,73.9,5.07,Mango,Potato
Clay,29.2,243.7,92.2,97.3,52.9,54.3,5.02,Mango,Rice
Loamy,16.8,47.6,36.8,41.7,36.2,26.0,6.66,Mango,Mustard
Loamy,23.6,110.7,86.1,136.2,72.9,63.0,7.32,Mustard,Sugarcane
Sandy Loam,16.5,61.7,56.6,70.9,49.2,17.6,6.59,Soybean,Mustard
Loamy,19.9,65.6,48.6,25.2,35.7,14.8,6.55,Wheat,Lentil
Loamy,34.5,202.5,87.9,93.3,46.7,48.5,6.31,Sugarcane,Rice
Loamy,19.4,87.1,72.2,98.2,68.1,59.6,6.31,Soybean,Tomato
Loamy,21.8,145.0,83.3,37.4,49.5,37.0,6.13,Cotton,Soybean
Sandy Loam,19.1,68.2,71.6,65.1,56.2,61.1,6.1,Wheat,Tomato
Silty,24.1,65.4,75.5,56.6,70.4,53.9,5.59,Lentil,Potato
Sandy Loam,21.7,69.8,58.7,104.3,79.1,53.4,5.58,Mango,Tomato
Laterite,32.3,172.0,53.1,77.9,43.1,25.5,7.21,Wheat,Mango
Sandy Loam,14.9,29.6,34.1,39.6,31.3,26.5,6.42,Mango,Lentil
Sandy Loam,30.0,99.8,60.8,18.0,37.6,43.6,5.92,Tomato,Groundnut
Loamy,23.0,272.5,69.0,83.9,42.6,33.0,6.26,Wheat,Rice
Loamy,27.7,155.7,61.8,124.4,56.0,43.9,6.21,Mango,Maize
Silty,26.0,134.8,90.7,95.6,68.3,43.9,6.12,Mango,Sugarcane
Loamy,28.7,109.8,76.1,29.0,52.3,40.8,6.38,Sugarcane,Groundnut
Loamy,24.8,159.6,85.1,109.2,51.8,42.0,7.42,Groundnut,Sugarcane
Loamy,35.0,46.4,68.2,69.0,30.0,16.6,6.54,Wheat,Cotton
Sandy Loam,36.7,164.1,47.1,55.1,25.7,59.3,5.64,Groundnut,Mango
Loamy,26.6,93.9,80.2,41.4,47.4,46.5,6.56,Potato,Soybean
Loamy,20.8,68.4,57.2,32.2,30.0,24.3,6.75,Mango,Lentil
Sandy Loam,26.7,107.0,86.8,32.7,43.1,27.6,6.71,Maize,Soybean
Loamy,9.8,54.9,47.2,61.3,33.6,20.8,6.83,Mango,Mustard
Clay,39.2,123.2,40.5,54.6,31.1,35.8,6.5,Soybean,Cotton
Black,38.5,137.1,43.9,41.0,25.1,26.8,6.51,Mango,Cotton
Black,38.6,51.0,60.4,62.0,28.2,27.7,7.65,Groundnut,Cotton
Loamy,13.2,86.25,54.5,99.8,51.3,20.7,7.34,Groundnut,Wheat
Sandy Loam,19.1,67.6,69.4,114.1,60.6,59.4,6.57,Wheat,Tomato
Clay,13.2,64.0,59.8,129.5,51.0,29.9,6.73,Maize,Wheat
Sandy Loam,29.2,134.3,80.2,110.8,42.4,56.9,6.27,Mustard,Maize
Loamy,27.8,174.3,57.4,86.5,57.6,53.7,6.46,Groundnut,Maize
Silty,26.1,66.4,69.7,125.4,63.0,27.7,6.41,Mustard,Maize
Red,28.4,91.7,69.1,36.2,31.2,29.7,6.58,Potato,Groundnut
Silty,30.1,75.2,68.3,85.15,54.9,53.4,5.46,Mustard,Tomato
Loamy,37.2,188.5,85.7,124.4,68.1,56.0,5.55,Groundnut,Sugarcane
Loamy,26.0,68.0,66.9,69.3,52.7,29.8,6.5,Wheat,Mango
Silty,13.1,83.8,63.1,79.5,71.1,40.6,4.97,Wheat,Potato
Clay,33.2,99.4,49.8,44.6,24.6,38.5,7.37,Soybean,Cotton
Loamy,21.4,93.2,35.8,127.1,70.1,36.8,7.32,Soybean,Wheat
Loamy,27.8,155.1,51.6,53.8,22.6,46.5,6.69,Cotton,Mango
Sandy Loam,24.2,168.3,50.0,98.3,38.6,46.5,6.16,Sugarcane,Maize
Silty,20.7,95.8,48.2,32.1,27.7,41.0,7.46,Soybean,Lentil
Sandy Loam,19.5,114.1,53.9,84.9,52.8,41.9,7.41,Tomato,Wheat
Silty,31.4,189.8,83.2,120.0,61.8,58.2,6.65,Rice,Sugarcane
Loamy,28.7,79.2,58.4,73.2,27.8,30.7,7.61,Wheat,Cotton
Silty,31.1,301.5,78.1,66.4,55.8,47.6,5.68,Sugarcane,Rice
Silty,33.8,257.8,91.0,80.9,58.2,36.4,5.34,Mustard,Rice
Loamy,22.0,37.5,36.9,52.1,37.0,26.1,7.2,Potato,Mustard
Clay,27.1,232.8,81.6,83.6,36.6,58.0,5.98,Sugarcane,Rice
Laterite,24.1,121.8,75.7,72.0,44.5,36.9,5.8,Potato,Mango
Silty,23.6,47.6,53.8,112.2,74.0,55.0,5.66,Maize,Tomato
Clay,32.1,111.0,65.7,90.4,35.5,21.5,8.05,Lentil,Cotton
Loamy,29.3,119.2,79.1,21.1,36.5,33.9,6.12,Soybean,Groundnut
Sandy Loam,24.35,52.8,77.2,108.2,81.6,64.0,5.85,Groundnut,Tomato
Clay,25.6,87.9,53.3,99.9,79.4,45.2,6.7,Cotton,Wheat
Sandy Loam,30.2,74.6,62.5,47.9,47.7,48.0,6.56,Rice,Groundnut
Clay,26.6,64.4,84.8,38.7,52.4,42.6,6.78,Potato,Soybean
Loamy,24.7,60.3,65.2,17.9,46.0,31.6,6.09,Cotton,Groundnut
Loamy,11.1,86.8,71.9,84.2,70.7,44.4,5.37,Cotton,Potato
Clay,28.4,72.4,67.2,55.8,41.2,30.9,7.85,Lentil,Cotton
Loamy,26.2,227.8,79.4,62.5,56.0,43.1,5.48,Cotton,Rice
Silty,22.9,95.3,62.7,95.8,46.5,53.8,6.91,Sugarcane,Maize
Clay,13.4,57.3,46.8,63.6,33.3,33.7,6.92,Sugarcane,Mustard
Loamy,37.2,134.9,75.8,80.6,66.4,79.6,7.08,Mustard,Sugarcane
Sandy Loam,10.5,45.2,33.8,85.5,31.9,23.2,6.43,Rice,Mustard
Sandy Loam,23.8,36.5,36.1,17.6,51.6,25.3,8.03,Tomato,Lentil
Sandy Loam,26.8,55.8,63.9,19.4,41.9,33.8,6.44,Maize,Groundnut
Clay,30.6,261.5,92.9,65.9,54.7,61.3,5.41,Maize,Rice
Clay,17.6,77.1,51.5,86.8,59.8,39.2,6.73,Lentil,Wheat
Clay,26.8,164.8,91.3,78.5,38.5,34.0,6.21,Lentil,Rice
Loamy,22.2,78.9,75.2,101.8,72.6,65.4,5.29,Wheat,Potato
Loamy,34.7,86.3,64.3,31.8,29.0,28.2,6.52,Potato,Groundnut
Clay,40.0,67.7,58.2,83.3,30.8,41.1,8.0,Maize,Cotton
Loamy,17.6,72.7,48.2,74.0,44.2,23.5,6.0,Lentil,Mustard
Silty,21.8,71.9,50.2,35.5,35.0,13.8,7.3,Mango,Lentil
Clay,37.6,120.8,66.1,88.7,27.7,21.7,6.73,Mango,Cotton
Silty,23.5,167.1,74.6,90.3,68.9,75.0,6.82,Wheat,Sugarcane
Silty,26.4,82.4,53.5,41.7,18.5,34.8,7.95,Cotton,Lentil
Silty,31.7,226.3,84.4,105.4,51.4,46.5,6.75,Potato,Rice
Red,27.1,104.7,72.7,22.5,40.1,49.0,6.45,Potato,Groundnut
Silty,28.9,59.7,73.4,79.6,85.9,63.1,6.18,Lentil,Tomato
Loamy,23.2,68.0,59.9,12.8,30.7,41.0,7.28,Sugarcane,Lentil
Loamy,17.7,72.9,34.6,26.5,24.3,16.0,6.97,Cotton,Lentil
Sandy Loam,19.9,106.9,65.7,75.3,58.5,50.0,6.08,Wheat,Potato
Loamy,27.6,233.2,76.0,151.4,50.3,41.6,7.42,Maize,Sugarcane
Loamy,35.4,179.3,69.2,74.8,27.6,30.4,5.05,Lentil,Rice
Black,31.9,68.7,59.1,48.0,36.3,34.0,7.005,Wheat,Cotton
Silty,19.4,90.7,69.3,90.4,74.7,40.3,6.73,Soybean,Tomato
Sandy Loam,15.2,95.9,63.6,87.2,42.6,48.3,7.0,Groundnut,Wheat
Loamy,27.6,276.2,82.9,111.0,49.6,43.5,5.26,Maize,Rice
Loamy,39.0,78.3,69.3,59.1,29.6,42.2,6.46,Wheat,Cotton
Loamy,32.4,95.1,73.6,20.0,43.8,31.3,7.04,Mango,Soybean
Loamy,15.4,98.7,43.0,104.7,58.0,46.2,6.35,Mango,Wheat
Sandy Loam,24.4,94.0,55.6,29.55,37.0,30.7,6.83,Maize,Groundnut
Sandy Loam,30.4,185.9,55.7,66.4,27.1,63.7,6.59,Lentil,Mango
Sandy Loam,15.3,56.7,81.5,94.0,66.0,68.6,6.43,Groundnut,Potato
Clay,24.0,60.7,32.4,66.6,30.2,28.8,6.41,Lentil,Mustard
Sandy Loam,13.9,49.2,45.9,58.9,40.8,22.3,6.92,Rice,Mustard
Clay,33.0,138.7,55.5,67.7,45.4,28.65,7.49,Groundnut,Cotton
Loamy,24.2,100.7,64.3,22.4,38.4,35.6,6.99,Lentil,Soybean
Laterite,26.4,127.1,68.9,79.7,31.8,49.2,6.49,Soybean,Mango
Silty,16.3,77.3,41.9,15.3,23.0,12.8,7.25,Mustard,Lentil
Sandy Loam,25.3,98.7,64.3,69.5,47.8,64.3,7.15,Sugarcane,Mango
Loamy,21.0,46.5,33.6,58.9,21.2,15.5,7.34,Cotton,Mustard
Sandy Loam,29.3,130.0,70.5,22.7,34.9,37.1,6.3,Tomato,Groundnut
Loamy,28.7,231.2,76.2,135.3,71.9,72.7,5.83,Groundnut,Sugarcane
Silty,16.9,36.3,47.3,36.1,24.5,38.5,6.9,Potato,Lentil
Sandy Loam,13.7,58.4,44.6,76.8,33.1,26.6,6.62,Wheat,Mustard
Loamy,29.1,119.4,73.6,24.5,45.0,32.8,6.09,Cotton,Soybean
Loamy,15.0,76.5,42.0,47.5,28.3,31.3,6.86,Groundnut,Lentil
Loamy,20.7,84.4,54.8,81.7,68.1,40.1,7.45,Lentil,Wheat
Sandy Loam,24.7,37.7,54.9,56.5,47.9,35.2,6.32,Rice,Mustard
Red,29.1,57.7,72.5,18.9,37.8,43.0,6.2,Cotton,Groundnut
Loamy,12.0,43.3,47.5,57.6,32.9,20.6,6.91,Sugarcane,Mustard
Black,26.1,63.8,44.3,75.2,39.4,28.7,6.07,Sugarcane,Cotton
Loamy,27.4,105.2,72.4,36.3,46.8,35.6,6.29,Potato,Soybean
Sandy Loam,13.8,36.2,58.9,46.0,34.7,15.0,6.75,Potato,Mustard
Sandy Loam,18.1,47.0,37.5,15.6,20.0,21.4,7.29,Maize,Lentil
Silty,18.4,108.1,61.3,62.1,76.4,76.5,5.76,Tomato,Potato
Silty,15.0,101.2,69.3,90.4,59.4,76.9,6.02,Sugarcane,Potato
Clay,26.3,97.5,83.7,35.2,53.2,42.2,6.63,Potato,Soybean
Sandy Loam,19.5,75.8,32.9,70.1,33.2,21.2,7.31,Wheat,Mustard
Laterite,25.2,146.6,63.7,43.9,31.1,64.2,6.1,Lentil,Mango
Sandy Loam,22.4,92.1,63.1,30.5,34.3,29.0,6.4,Sugarcane,Groundnut
Silty,22.2,51.1,64.7,108.4,79.0,66.8,6.11,Potato,Tomato
Sandy Loam,24.0,57.4,31.9,44.0,59.5,37.0,7.75,Mango,Lentil
Loamy,16.6,98.2,65.9,19.7,31.3,38.1,6.44,Groundnut,Lentil
Clay,13.7,37.8,40.3,48.9,32.5,31.3,7.18,Maize,Mustard
Loamy,23.3,218.0,81.2,130.4,68.9,52.9,6.51,Wheat,Sugarcane
Loamy,16.8,95.1,60.3,130.4,42.2,21.4,6.73,Potato,Wheat
Sandy Loam,29.1,69.5,67.3,17.8,64.5,40.6,7.39,Potato,Soybean
Silty,27.5,323.3,80.3,71.1,55.8,56.3,5.51,Mustard,Rice
Loamy,28.7,166.5,83.6,150.6,58.6,64.6,6.2,Maize,Sugarcane
Laterite,26.4,95.3,57.7,55.6,31.8,57.8,5.69,Potato,Mango
Silty,26.6,69.4,81.7,105.0,64.4,67.5,5.82,Cotton,Tomato
Silty,24.7,53.8,52.7,36.7,27.5,21.7,7.28,Maize,Lentil
Red,33.1,80.5,60.9,19.8,28.9,28.4,6.47,Potato,Groundnut
Silty,15.1,33.7,49.8,43.9,37.0,21.7,7.77,Soybean,Lentil
Loamy,11.8,45.7,44.4,43.3,33.1,18.4,7.35,Rice,Mustard
Sandy Loam,23.5,62.4,43.1,29.8,30.6,39.3,7.35,Rice,Lentil
Loamy,21.6,175.5,60.5,112.8,36.8,30.4,6.02,Mustard,Maize
Sandy Loam,22.8,55.5,44.4,80.1,33.4,18.6,6.19,Maize,Mustard
Clay,27.1,134.2,83.5,33.4,31.9,47.4,7.49,Potato,Soybean
Silty,31.5,292.5,94.6,62.5,64.3,57.2,5.67,Wheat,Rice
Clay,20.0,51.4,58.8,77.3,35.2,26.1,7.22,Potato,Mustard
Loamy,12.2,27.7,49.8,70.7,33.4,34.7,6.21,Wheat,Mustard
Loamy,26.5,119.3,61.0,89.0,40.6,25.7,7.26,Mustard,Maize
Silty,27.8,88.2,65.7,81.0,33.9,48.7,6.28,Mustard,Maize
Loamy,20.0,132.3,63.1,114.8,44.2,23.6,7.3,Wheat,Maize
Loamy,39.1,135.3,62.3,50.4,27.6,47.7,6.96,Groundnut,Cotton
Silty,28.9,147.9,75.8,72.3,38.3,49.6,6.94,Potato,Maize
Loamy,30.4,211.2,74.4,105.9,31.8,50.1,5.23,Soybean,Rice
Sandy Loam,16.6,31.4,48.6,37.0,42.4,13.1,6.72,Sugarcane,Lentil
Loamy,25.6,57.2,49.8,47.6,37.9,30.7,6.36,Potato,Mustard
Red,30.7,129.1,63.7,22.2,27.4,38.8,6.27,Cotton,Groundnut
Loamy,31.9,232.3,73.1,79.0,57.0,44.4,5.08,Cotton,Rice
Sandy Loam,26.9,56.6,67.9,106.1,56.2,50.6,6.8,Groundnut,Tomato
Sandy Loam,21.6,135.2,78.4,55.8,48.7,22.1,7.34,Mango,Soybean
Loamy,32.6,114.4,67.2,38.6,54.4,33.4,6.93,Mango,Groundnut
Sandy Loam,10.2,52.8,54.3,47.8,46.0,17.4,6.76,Cotton,Mustard
Sandy Loam,26.2,105.8,58.6,23.8,54.3,32.5,6.78,Maize,Groundnut
Loamy,28.1,157.2,65.3,62.1,38.2,67.9,7.46,Sugarcane,Mango
Clay,24.6,110.2,67.6,44.9,58.2,24.5,7.05,Lentil,Soybean
Clay,30.3,229.2,81.0,82.4,74.4,36.5,5.13,Mustard,Rice
Silty,28.8,33.7,56.1,34.0,31.3,38.2,7.15,Mango,Lentil
Sandy Loam,14.3,73.5,79.6,77.5,91.4,39.1,6.52,Sugarcane,Potato
Clay,25.2,80.7,65.4,133.5,48.3,44.3,6.63,Lentil,Wheat
Sandy Loam,29.1,80.4,59.3,100.5,51.1,62.5,6.02,Maize,Tomato
Silty,13.4,80.1,82.0,93.4,55.7,67.8,4.91,Cotton,Potato
Laterite,30.1,159.5,65.5,63.3,31.8,63.7,5.77,Lentil,Mango
Clay,18.8,61.6,43.5,123.1,80.2,35.8,5.86,Mustard,Wheat
Sandy Loam,27.4,134.9,78.8,84.0,36.1,49.2,7.48,Soybean,Mango
Loamy,20.1,81.4,68.2,74.9,70.6,65.8,6.235,Lentil,Tomato
Loamy,21.9,52.4,75.6,98.8,56.3,56.4,6.0,Wheat,Tomato
Clay,29.0,141.0,78.2,64.2,41.5,32.8,7.0,Sugarcane,Soybean
Loamy,30.5,158.1,79.2,104.5,51.2,57.4,5.38,Cotton,Rice
Loamy,23.3,180.9,59.8,114.1,39.8,52.9,6.03,Groundnut,Maize
Loamy,21.5,64.8,83.2,47.8,38.9,44.7,6.5,Mango,Soybean
Sandy Loam,26.3,101.4,64.0,25.0,28.9,36.9,7.28,Lentil,Soybean
Sandy Loam,26.9,69.5,59.3,44.3,23.7,22.7,7.13,Tomato,Lentil
Sandy Loam,17.9,83.6,83.6,70.4,75.3,68.9,5.48,Maize,Potato
Clay,31.0,101.4,69.2,19.3,31.6,33.4,7.02,Rice,Soybean
Loamy,20.7,84.8,35.3,40.1,37.3,30.4,7.87,Cotton,Lentil
Clay,31.7,132.7,63.8,123.5,51.8,78.1,6.26,Soybean,Sugarcane
Loamy,10.8,81.7,42.5,40.4,36.3,29.9,6.59,Tomato,Mustard
Loamy,17.1,73.8,58.7,16.1,33.9,25.9,7.79,Wheat,Lentil
Loamy,20.5,62.3,66.7,113.1,42.6,43.2,6.77,Cotton,Maize
Sandy Loam,26.3,80.7,57.1,68.5,67.8,69.3,5.95,Cotton,Tomato
Silty,19.0,54.9,63.8,65.0,62.1,52.0,6.47,Sugarcane,Tomato
Sandy Loam,26.1,101.4,70.1,55.1,58.0,31.7,6.79,Wheat,Soybean
Loamy,21.3,70.2,66.2,50.1,52.6,50.0,6.3,Cotton,Soybean
Clay,17.9,92.0,59.6,117.2,70.3,37.9,7.4,Mango,Wheat
Loamy,31.3,119.4,64.8,78.7,27.3,17.4,5.94,Groundnut,Cotton
Sandy Loam,27.0,94.3,70.4,116.2,42.9,33.7,7.14,Potato,Maize
Sandy Loam,19.7,67.9,38.5,67.3,35.1,31.4,5.98,Lentil,Mustard
Loamy,22.5,65.9,46.9,67.2,27.2,18.6,7.41,Mango,Mustard
Sandy Loam,21.2,74.6,64.0,112.4,42.9,26.7,6.97,Rice,Wheat
Loamy,17.6,114.5,74.1,74.0,85.8,62.4,5.24,Mango,Potato
Sandy Loam,32.7,157.7,58.3,73.8,47.6,54.8,7.13,Wheat,Mango
Sandy Loam,25.0,84.9,49.6,69.8,40.1,64.2,6.22,Potato,Mango
Loamy,22.5,50.1,62.6,32.5,21.4,26.8,7.67,Mango,Lentil
Silty,25.6,66.9,66.0,67.7,54.6,61.8,6.8,Potato,Tomato
Loamy,28.2,149.5,77.4,101.0,41.8,43.9,6.7,Cotton,Maize
Clay,21.5,234.5,60.2,117.8,63.1,58.6,5.68,Mango,Sugarcane
Clay,26.0,118.7,75.4,98.5,52.2,73.6,6.24,Potato,Sugarcane
Silty,24.2,129.9,55.0,76.4,56.0,49.5,6.74,Groundnut,Maize
Sandy Loam,18.1,56.2,43.2,48.7,51.6,18.6,6.76,Wheat,Mustard
Laterite,33.1,144.6,61.4,81.5,36.1,60.1,6.91,Tomato,Mango
Red,25.7,78.2,60.6,16.3,38.0,23.6,6.37,Potato,Groundnut
Loamy,28.1,131.9,76.6,47.7,39.1,56.5,5.97,Maize,Mango
Clay,28.7,108.3,59.7,83.1,61.6,75.3,6.07,Maize,Sugarcane
Laterite,23.7,90.1,55.4,49.2,31.0,44.3,6.64,Potato,Mango
Loamy,19.05,62.8,68.1,69.3,64.7,49.5,5.08,Rice,Potato
Clay,23.0,72.2,61.8,20.0,58.5,43.0,7.19,Potato,Soybean
Silty,27.1,224.6,80.2,91.3,37.4,39.8,5.94,Sugarcane,Rice
Clay,31.7,277.0,90.2,118.4,35.0,38.7,5.98,Mustard,Rice
Loamy,25.4,173.7,57.3,43.8,38.4,51.7,7.32,Groundnut,Mango
Sandy Loam,30.45,186.0,54.4,73.2,35.3,48.3,5.76,Wheat,Mango
Loamy,40.2,80.4,57.3,89.3,47.4,21.4,6.83,Sugarcane,Cotton
Silty,24.4,90.1,65.8,75.1,51.3,48.1,6.03,Wheat,Maize
Clay,27.0,177.5,76.6,139.9,65.6,70.9,5.64,Soybean,Sugarcane
Sandy Loam,15.4,78.2,31.3,92.5,50.7,29.2,7.18,Soybean,Wheat
Black,32.05,132.5,65.7,50.7,44.7,24.5,7.05,Maize,Cotton
Clay,30.1,168.0,67.8,145.6,55.5,67.0,5.57,Mango,Sugarcane
Sandy Loam,29.7,48.3,51.5,81.8,64.2,59.4,7.03,Maize,Tomato
Sandy Loam,11.7,64.5,34.3,86.5,73.0,47.3,6.97,Lentil,Wheat
Sandy Loam,27.3,80.5,73.3,111.6,45.3,44.7,6.34,Cotton,Maize
Silty,21.7,78.5,59.3,48.2,27.6,33.4,7.115,Sugarcane,Lentil
Loamy,24.3,97.2,58.8,98.9,36.0,22.5,6.33,Groundnut,Wheat
Silty,32.5,222.5,63.2,95.3,54.8,55.5,6.89,Potato,Sugarcane
Loamy,31.7,59.8,60.1,18.9,56.5,51.4,6.65,Potato,Groundnut
Black,35.1,52.7,68.7,49.1,49.2,20.0,7.18,Soybean,Cotton
Silty,16.4,58.5,69.7,82.3,61.1,73.6,4.96,Sugarcane,Potato
Loamy,28.6,75.3,66.4,93.1,57.4,48.0,6.41,Mango,Maize
Loamy,30.2,151.6,73.5,114.9,62.4,59.8,6.37,Groundnut,Sugarcane
Black,24.1,86.7,42.4,53.4,28.7,28.3,7.88,Wheat,Cotton
Clay,28.9,57.8,46.8,62.4,35.3,43.8,6.41,Tomato,Cotton
Black,32.05,52.5,67.3,67.1,38.9,23.3,6.06,Lentil,Cotton
Sandy Loam,21.1,75.0,30.7,46.9,24.3,23.9,7.17,Tomato,Mustard
Silty,26.1,46.2,43.3,23.5,24.5,27.1,6.42,Wheat,Lentil
Clay,22.4,160.2,72.3,121.7,53.0,59.9,6.68,Mango,Sugarcane
Silty,19.6,92.2,59.5,80.4,67.8,40.5,6.37,Cotton,Tomato
Loamy,26.4,98.2,80.6,34.4,71.3,28.7,7.13,Rice,Soybean
Loamy,19.6,95.6,79.5,70.3,62.4,38.2,6.87,Lentil,Maize
Clay,19.6,162.3,71.6,88.4,34.3,57.3,5.33,Sugarcane,Rice
Sandy Loam,28.2,87.3,70.6,122.8,32.3,49.0,6.74,Groundnut,Maize
Clay,36.3,125.1,61.9,86.4,25.2,46.0,7.4,Sugarcane,Cotton
Loamy,29.9,70.5,69.0,37.6,45.5,49.0,6.0,Soybean,Groundnut
Loamy,21.7,232.8,81.85,102.1,40.2,39.0,5.58,Cotton,Rice
Loamy,20.0,58.9,66.2,85.4,67.3,50.8,6.5,Sugarcane,Potato
Loamy,26.7,61.05,53.0,16.1,33.5,20.7,6.23,Groundnut,Lentil
Loamy,18.4,44.9,49.4,65.9,27.6,18.1,6.71,Soybean,Mustard
Sandy Loam,29.6,83.1,54.2,51.5,30.5,39.0,7.02,Lentil,Mango
Red,29.0,65.7,69.8,36.6,51.6,25.7,6.25,Cotton,Groundnut
Black,32.0,95.7,52.0,89.7,41.4,35.2,6.14,Groundnut,Cotton
Loamy,33.1,275.5,86.5,76.6,49.9,52.9,5.66,Soybean,Rice
Loamy,23.6,94.0,67.7,70.6,50.6,55.3,6.18,Lentil,Maize
Silty,38.1,270.3,80.6,86.5,71.8,43.2,7.49,Tomato,Sugarcane
Sandy Loam,23.7,91.1,58.0,84.6,71.4,47.0,6.91,Sugarcane,Tomato
Loamy,34.7,143.1,58.3,51.3,35.8,63.1,6.18,Sugarcane,Mango
Loamy,10.5,72.4,43.95,81.6,46.2,24.2,6.77,Potato,Mustard
Clay,27.7,259.0,66.8,115.7,45.8,50.2,5.23,Lentil,Rice
Silty,25.8,97.2,65.7,101.0,37.0,28.2,6.93,Rice,Maize
Silty,33.3,150.5,86.2,64.3,36.7,47.7,5.94,Cotton,Rice
Loamy,25.7,184.9,92.1,125.5,58.9,46.4,6.35,Mustard,Sugarcane
Loamy,21.9,86.25,66.0,128.7,41.5,42.8,6.59,Rice,Wheat
Red,33.0,124.6,60.6,24.1,59.0,32.3,6.33,Mustard,Groundnut
Silty,18.1,97.5,82.6,62.0,82.1,67.8,4.87,Tomato,Potato
Silty,27.5,74.4,50.5,96.4,83.6,57.7,6.28,Mango,Tomato
Clay,23.1,147.5,79.7,43.6,66.7,47.3,6.27,Tomato,Soybean
Clay,22.1,148.0,57.7,44.9,43.0,33.9,6.64,Tomato,Soybean
Loamy,27.1,122.5,62.4,31.9,43.6,47.7,6.77,Lentil,Soybean
Loamy,32.5,97.7,57.9,21.0,43.9,23.3,5.93,Sugarcane,Groundnut
Silty,18.6,77.4,63.3,82.6,84.8,52.5,5.27,Tomato,Potato
Black,25.6,114.8,67.1,67.9,24.0,28.65,6.89,Mango,Cotton
Loamy,28.1,284.9,71.0,85.5,63.3,33.8,6.92,Groundnut,Rice
Clay,31.5,201.2,72.5,81.8,38.9,52.9,5.98,Wheat,Rice
Sandy Loam,23.0,71.1,78.0,100.1,77.3,75.7,5.62,Mango,Potato
Loamy,18.5,56.9,53.2,115.0,78.9,48.5,6.84,Groundnut,Wheat
Loamy,22.6,105.5,57.5,79.4,42.2,47.4,7.33,Lentil,Maize
Silty,27.6,132.6,59.8,101.2,59.3,33.7,5.84,Mango,Maize
Silty,29.5,133.3,56.5,117.1,61.2,31.6,7.39,Soybean,Maize
Clay,17.8,47.3,34.6,56.6,49.9,14.2,6.55,Sugarcane,Mustard
Loamy,37.2,151.1,70.4,135.5,62.4,42.1,6.81,Rice,Sugarcane
Sandy Loam,27.5,69.9,68.0,46.6,46.4,32.2,7.54,Maize,Lentil
Sandy Loam,21.8,72.5,59.0,62.1,30.8,17.4,6.59,Mango,Mustard
Sandy Loam,23.5,109.3,62.2,36.0,46.8,46.1,6.3,Maize,Soybean
Sandy Loam,15.2,107.7,84.7,79.5,89.8,75.0,5.93,Lentil,Potato
Laterite,36.6,169.6,75.7,69.1,43.1,66.9,6.47,Lentil,Mango
Loamy,30.45,182.7,58.6,59.2,23.8,70.0,5.95,Maize,Mango
Silty,20.4,90.5,77.9,87.9,68.2,62.0,4.81,Lentil,Potato
Loamy,28.9,120.6,66.7,19.6,38.3,30.6,6.97,Tomato,Groundnut
Loamy,19.3,73.6,52.1,90.7,60.5,39.6,7.02,Lentil,Tomato
Loamy,22.6,280.2,91.4,59.6,34.1,52.8,5.47,Mustard,Rice
Loamy,30.6,137.8,84.9,43.8,46.8,28.3,6.42,Lentil,Soybean
Black,26.2,67.0,65.0,50.2,44.0,22.6,7.17,Tomato,Cotton
Silty,21.4,82.1,80.7,88.5,80.8,47.8,6.14,Mustard,Potato
Loamy,30.3,233.1,79.1,99.7,56.7,39.5,5.68,Soybean,Sugarcane
Loamy,23.5,81.5,38.9,46.9,40.0,36.2,6.08,Groundnut,Lentil
Clay,19.9,75.8,57.5,85.4,51.1,27.4,6.73,Potato,Wheat
Loamy,31.5,148.4,62.0,82.1,28.9,24.2,6.5,Mango,Cotton
Loamy,20.3,101.4,72.4,30.3,46.8,35.6,7.4,Wheat,Soybean
Sandy Loam,23.9,88.5,53.1,82.3,48.8,31.8,6.11,Potato,Maize
Silty,21.8,259.9,92.1,76.1,52.1,31.5,5.02,Lentil,Rice
Black,31.3,139.9,49.4,62.8,26.5,26.5,6.26,Wheat,Cotton
Laterite,30.7,86.6,60.6,58.5,36.2,35.9,7.25,Rice,Mango
Loamy,26.5,182.0,58.8,85.8,56.4,40.3,7.01,Wheat,Maize
Loamy,28.5,310.8,77.2,104.5,34.5,50.2,6.58,Cotton,Rice
Silty,21.9,110.1,77.1,110.5,65.5,53.8,7.0,Mustard,Maize
Black,33.6,97.2,58.1,51.4,38.6,40.0,7.07,Potato,Cotton
Sandy Loam,21.9,74.4,77.8,76.6,70.7,56.4,5.96,Sugarcane,Tomato
Sandy Loam,29.8,143.7,61.9,46.5,46.6,40.9,6.21,Groundnut,Mango
Sandy Loam,35.4,72.6,77.9,45.2,20.6,36.2,6.38,Maize,Mango
Silty,27.2,289.6,85.3,74.5,33.8,53.2,6.19,Potato,Rice
Sandy Loam,26.5,48.7,61.2,103.2,75.4,55.9,7.1,Mustard,Tomato
Silty,24.6,201.3,88.0,128.7,55.9,57.8,6.34,Mango,Sugarcane
Clay,30.7,179.5,76.2,110.1,58.3,64.5,7.43,Cotton,Sugarcane
Silty,25.3,104.3,66.8,112.7,38.8,28.8,7.23,Cotton,Maize
Laterite,32.6,151.4,62.9,62.4,25.9,25.5,6.85,Tomato,Mango
Clay,27.7,93.2,44.2,53.6,41.3,38.2,7.0,Mustard,Cotton
Loamy,21.0,124.9,83.1,19.5,45.6,25.4,6.37,Cotton,Soybean
Laterite,28.2,120.8,54.2,76.8,37.7,38.5,6.1,Lentil,Mango
Sandy Loam,16.4,52.3,51.6,48.4,36.2,19.3,7.04,Wheat,Mustard
Sandy Loam,28.5,104.4,59.1,23.0,49.2,34.1,6.83,Cotton,Groundnut
Sandy Loam,23.5,119.8,35.7,98.8,42.0,48.3,6.91,Soybean,Wheat
Silty,29.6,68.3,61.3,118.6,78.1,52.7,5.6,Sugarcane,Tomato
Loamy,12.6,42.8,47.5,61.3,39.9,15.9,7.08,Tomato,Mustard
Silty,28.6,69.9,57.5,118.1,39.7,41.0,6.4,Cotton,Maize
Black,32.0,99.8,60.0,78.4,40.1,28.65,6.14,Tomato,Cotton
Sandy Loam,22.9,90.9,76.0,67.3,52.2,63.2,6.93,Lentil,Tomato
Clay,25.8,184.5,69.0,140.4,52.1,55.4,7.5,Tomato,Sugarcane
Silty,24.2,83.8,62.9,82.3,50.5,47.1,5.93,Potato,Tomato
Loamy,22.8,235.0,55.4,134.9,74.8,58.6,5.68,Groundnut,Sugarcane
Loamy,30.6,156.2,76.5,86.2,54.6,27.3,6.46,Potato,Maize
Sandy Loam,21.6,115.5,71.9,75.8,62.3,53.1,4.82,Rice,Potato
Loamy,27.8,67.5,71.3,63.5,56.9,66.3,5.83,Mango,Tomato
Sandy Loam,27.7,58.2,56.0,40.0,34.7,26.7,6.38,Maize,Groundnut
Loamy,20.8,59.1,57.5,84.2,44.6,40.8,7.29,Mango,Maize
Sandy Loam,23.6,96.8,57.0,89.1,68.5,35.8,7.2,Groundnut,Wheat
Silty,26.2,76.1,66.5,112.7,51.6,50.1,5.71,Sugarcane,Tomato
Loamy,36.6,163.4,73.0,104.8,44.2,65.1,6.88,Soybean,Sugarcane
Silty,20.9,81.8,78.2,73.9,89.3,58.4,5.97,Sugarcane,Tomato
Silty,33.8,172.4,75.0,115.2,74.4,59.9,5.81,Soybean,Sugarcane
Sandy Loam,21.9,29.8,48.5,65.9,31.9,21.4,7.16,Cotton,Mustard
Clay,29.0,293.5,84.4,119.9,57.5,35.6,6.83,Groundnut,Rice
Sandy Loam,29.7,155.3,53.8,60.7,34.7,47.0,6.49,Mustard,Mango
Black,28.9,93.5,58.0,60.7,37.9,29.0,7.0,Wheat,Cotton
Sandy Loam,24.7,111.6,50.3,123.8,60.9,35.8,6.59,Mustard,Wheat
Loamy,33.4,85.8,64.2,87.0,44.8,16.0,7.89,Mustard,Cotton
Loamy,22.3,228.9,87.3,80.5,62.9,30.3,6.45,Potato,Rice
Silty,25.0,254.8,82.9,75.3,57.8,44.8,6.92,Groundnut,Rice
Sandy Loam,26.1,116.4,67.3,71.6,49.3,37.7,7.31,Sugarcane,Mango
Loamy,18.6,92.6,54.2,138.8,80.6,25.9,6.11,Potato,Wheat
Loamy,9.2,71.0,37.8,48.9,45.5,25.0,6.44,Tomato,Mustard
Red,23.9,42.5,70.7,37.4,38.8,23.0,6.9,Tomato,Groundnut
Loamy,21.8,48.8,63.4,61.4,72.7,58.5,5.39,Mango,Potato
Silty,27.3,103.7,77.3,125.2,50.7,49.3,7.57,Mango,Maize
Sandy Loam,34.3,119.2,53.0,28.2,58.3,30.8,6.31,Lentil,Groundnut
Sandy Loam,24.3,70.5,36.2,35.5,52.6,15.1,6.41,Groundnut,Lentil
Sandy Loam,20.5,62.3,58.4,71.7,67.1,56.4,5.41,Mustard,Tomato
Sandy Loam,33.1,69.0,70.2,22.6,40.7,41.3,5.93,Maize,Groundnut
Clay,21.2,53.1,62.2,53.8,43.5,36.2,6.55,Sugarcane,Soybean
Silty,34.8,168.8,78.8,134.7,61.6,49.6,6.79,Potato,Sugarcane
Loamy,21.8,128.1,70.6,86.5,69.4,80.1,5.62,Cotton,Potato
Clay,11.2,71.9,53.8,73.4,42.7,32.9,7.35,Groundnut,Wheat
Loamy,33.7,219.0,85.2,112.1,39.2,45.8,5.87,Soybean,Rice
Loamy,26.6,139.6,58.6,26.1,44.9,29.6,5.97,Groundnut,Soybean
Clay,33.5,152.7,54.6,45.1,25.2,12.8,6.78,Tomato,Cotton
Loamy,19.5,142.1,78.9,56.7,62.0,47.5,6.16,Cotton,Soybean
Clay,27.5,170.9,70.6,72.2,63.3,38.1,5.52,Lentil,Rice
Silty,28.3,96.4,71.9,104.1,76.6,45.2,5.86,Wheat,Tomato
Clay,26.0,286.9,78.8,81.1,36.5,53.6,5.2,Maize,Rice
Loamy,24.7,84.5,56.3,78.6,53.0,42.2,5.71,Groundnut,Tomato
Sandy Loam,26.7,53.4,67.5,25.4,55.8,40.9,6.39,Tomato,Soybean
Loamy,20.9,104.8,60.8,75.3,57.1,48.5,5.08,Groundnut,Potato
Loamy,17.0,84.6,61.4,81.8,73.4,67.8,5.61,Rice,Potato
Loamy,28.0,54.4,57.9,78.5,67.1,44.2,5.79,Sugarcane,Tomato
Loamy,21.0,90.7,77.4,80.1,53.6,59.1,5.96,Mustard,Potato
Loamy,28.1,109.7,58.6,51.8,31.8,44.8,6.19,Cotton,Mango
Sandy Loam,27.7,71.6,63.8,45.0,44.7,41.0,5.95,Cotton,Groundnut
Sandy Loam,22.7,40.1,79.7,81.6,66.7,68.5,6.33,Soybean,Tomato
Clay,29.0,127.4,40.9,39.9,44.8,38.0,7.28,Tomato,Cotton
Red,22.6,105.2,72.7,20.2,57.0,24.6,6.38,Cotton,Groundnut
Silty,19.0,37.7,55.0,44.0,33.3,19.6,6.17,Groundnut,Lentil
Laterite,26.2,138.8,83.3,46.3,36.8,43.0,6.29,Cotton,Mango
Sandy Loam,29.3,128.7,73.6,39.3,56.1,21.8,6.73,Mustard,Soybean
Loamy,21.6,177.7,87.9,66.1,53.9,59.7,6.11,Wheat,Rice
Loamy,15.4,98.6,62.7,65.9,68.3,41.4,5.47,Rice,Potato
Sandy Loam,25.2,54.6,51.1,36.5,33.6,33.9,7.37,Soybean,Lentil
Sandy Loam,13.6,53.9,41.1,73.8,47.5,32.4,6.96,Lentil,Mustard
Loamy,27.9,157.6,73.4,101.2,45.9,28.0,5.75,Sugarcane,Maize
Loamy,24.8,92.6,35.2,94.5,61.4,37.3,7.21,Potato,Wheat
Loamy,27.4,95.6,60.1,128.3,63.2,32.3,5.91,Sugarcane,Maize
Loamy,22.5,53.7,44.2,40.3,30.2,17.3,7.3,Soybean,Lentil
Clay,19.7,71.7,31.1,69.0,44.5,18.0,7.58,Maize,Mustard
Silty,24.2,40.1,57.4,89.7,82.1,45.2,6.65,Mustard,Tomato
Clay,25.0,103.0,74.8,44.8,64.8,19.0,6.26,Lentil,Soybean
Clay,36.3,107.8,51.3,59.7,41.9,34.5,7.005,Sugarcane,Cotton
Loamy,31.1,133.0,66.0,12.8,32.6,27.8,6.43,Lentil,Groundnut
Clay,26.3,133.1,78.4,55.0,45.6,41.4,7.28,Lentil,Soybean
Sandy Loam,12.6,42.9,62.9,86.9,62.0,41.7,5.04,Tomato,Potato
Silty,24.0,43.6,75.1,54.7,93.0,41.8,5.04,Maize,Potato
Loamy,17.6,75.4,41.0,64.5,37.0,18.5,6.57,Soybean,Mustard
Sandy Loam,20.1,83.0,75.7,64.2,80.7,43.0,5.13,Soybean,Potato
Loamy,32.7,90.5,56.0,62.5,29.1,31.0,6.49,Sugarcane,Mango
Silty,37.4,150.1,82.9,89.8,49.1,48.6,6.46,Soybean,Sugarcane
Sandy Loam,23.7,69.1,58.7,81.9,46.8,47.4,7.41,Cotton,Wheat
Loamy,32.5,159.3,57.9,58.1,29.0,12.8,7.46,Mango,Cotton
Clay,29.7,166.2,72.3,110.0,40.5,58.1,5.78,Potato,Rice
Loamy,24.4,229.7,75.9,111.7,65.8,34.0,7.13,Rice,Sugarcane
Clay,26.9,213.9,83.7,102.5,54.6,53.0,7.06,Maize,Sugarcane
Black,32.3,113.8,45.0,75.7,37.1,30.0,6.18,Tomato,Cotton
Silty,27.1,96.3,80.4,88.3,54.8,44.4,5.67,Cotton,Maize
Sandy Loam,30.1,72.6,51.6,102.7,39.7,35.5,5.91,Potato,Maize
Sandy Loam,29.3,101.1,64.9,101.0,58.0,21.6,7.11,Cotton,Maize
Silty,24.3,139.4,68.0,90.4,46.9,41.7,5.88,Mango,Maize
Loamy,25.2,99.0,65.1,57.2,30.2,29.4,6.73,Tomato,Soybean
Loamy,35.7,217.9,84.5,121.7,64.7,56.8,6.92,Groundnut,Sugarcane
Sandy Loam,30.0,136.4,76.1,56.6,47.1,41.2,6.05,Sugarcane,Mango
Sandy Loam,15.8,71.5,34.4,64.0,34.0,16.6,6.42,Mango,Mustard
Red,28.4,78.0,70.7,37.6,30.2,48.8,6.58,Maize,Groundnut
Sandy Loam,14.1,55.6,78.4,53.6,77.6,64.3,5.78,Maize,Potato
Clay,27.9,97.8,84.4,153.2,73.9,43.5,7.22,Groundnut,Sugarcane
Loamy,15.5,85.2,40.1,37.9,45.6,39.1,8.04,Sugarcane,Lentil
Loamy,28.4,252.0,75.2,75.8,71.0,46.5,5.81,Mustard,Rice
Laterite,37.8,184.2,58.9,48.6,51.3,60.1,5.47,Tomato,Mango
Sandy Loam,27.5,81.8,65.7,109.8,60.1,29.9,6.47,Mango,Maize
Sandy Loam,26.4,120.6,69.8,51.6,20.1,64.4,6.4,Mustard,Mango
Laterite,34.4,99.1,69.2,71.5,40.0,47.9,5.87,Rice,Mango
Loamy,20.3,86.0,74.6,79.9,70.6,73.5,5.68,Mango,Potato
Clay,16.7,57.3,40.5,80.1,24.4,23.4,7.07,Maize,Mustard
Loamy,19.4,99.6,72.3,61.3,84.0,62.6,5.09,Wheat,Potato
Black,39.8,92.9,53.7,63.3,27.3,39.4,6.36,Rice,Cotton
Sandy Loam,31.2,164.5,75.5,102.3,50.0,41.0,5.8,Rice,Maize
Loamy,29.9,126.2,61.2,71.4,26.3,31.3,6.45,Rice,Cotton
Black,32.0,129.9,62.2,45.9,50.3,28.3,7.06,Potato,Cotton
Sandy Loam,32.4,181.1,60.4,53.0,33.2,56.2,6.02,Mustard,Mango
Loamy,22.1,165.8,77.2,84.6,66.5,56.6,6.4,Cotton,Sugarcane
Loamy,12.4,72.3,72.3,72.3,53.8,75.2,6.15,Mustard,Potato
Clay,29.4,205.4,60.1,128.3,75.8,67.4,6.64,Cotton,Sugarcane
Loamy,25.9,99.9,74.6,104.0,39.1,43.5,6.24,Mango,Maize
Loamy,36.2,164.9,76.0,46.2,31.8,27.9,6.92,Groundnut,Mango
Silty,19.05,78.1,79.0,53.7,71.6,34.0,5.94,Groundnut,Potato
Clay,27.6,119.9,86.3,32.4,59.8,32.0,7.49,Maize,Soybean
Loamy,34.6,152.3,85.5,131.7,71.8,51.8,5.59,Maize,Sugarcane
Sandy Loam,25.7,33.5,45.7,18.8,35.3,39.8,7.29,Groundnut,Lentil
Loamy,12.7,54.6,37.1,63.2,35.2,28.4,6.53,Lentil,Mustard
Loamy,23.9,245.9,81.4,99.4,34.6,37.1,5.61,Cotton,Rice
Loamy,27.2,81.7,34.1,30.3,36.5,23.6,6.75,Soybean,Lentil
Silty,16.9,61.05,57.4,24.5,40.4,29.4,6.17,Potato,Lentil
Silty,28.3,95.3,61.2,34.4,31.0,38.0,6.68,Soybean,Lentil
Loamy,22.6,77.5,76.0,89.8,71.3,42.4,6.21,Rice,Potato
Red,23.3,98.2,72.5,31.3,48.3,37.5,6.52,Cotton,Groundnut
Silty,23.2,44.3,64.3,96.8,48.4,43.5,6.06,Mango,Potato
Loamy,23.0,78.1,77.5,29.5,63.3,46.7,6.63,Lentil,Soybean
Loamy,19.8,127.0,58.6,110.6,55.8,51.3,6.84,Soybean,Maize
Sandy Loam,29.3,77.0,63.8,46.6,21.3,56.5,7.05,Wheat,Mango
Loamy,9.6,104.7,40.1,96.7,76.0,42.2,6.73,Sugarcane,Wheat
Clay,28.7,185.3,70.6,107.7,51.0,64.2,7.04,Maize,Sugarcane
Red,22.8,105.3,77.8,40.9,39.0,32.7,7.02,Mango,Groundnut
Sandy Loam,20.8,64.3,42.1,111.0,61.5,24.8,6.05,Tomato,Wheat
Loamy,29.5,82.4,77.8,29.6,46.8,34.2,7.15,Lentil,Soybean
Loamy,24.1,102.5,61.4,52.3,39.9,48.4,7.09,Tomato,Soybean
Loamy,20.7,53.8,39.2,126.0,55.7,23.0,7.07,Rice,Wheat
Clay,27.7,103.3,71.5,138.3,42.1,55.3,6.94,Groundnut,Sugarcane
Silty,30.6,200.7,66.0,140.9,55.5,58.7,7.23,Soybean,Sugarcane
Loamy,22.7,67.7,59.4,54.2,46.8,33.3,7.42,Mango,Soybean
Sandy Loam,18.1,106.0,46.8,78.8,69.0,42.0,7.4,Sugarcane,Wheat
Clay,28.9,67.8,56.2,45.7,54.1,36.5,6.73,Maize,Soybean
Clay,32.8,216.2,84.6,84.6,52.7,63.1,6.48,Cotton,Sugarcane
Laterite,35.8,113.2,64.6,55.9,28.6,54.7,6.21,Lentil,Mango
Loamy,27.2,140.0,76.8,82.0,47.1,43.3,6.41,Groundnut,Maize
Silty,29.1,64.2,60.9,37.7,38.4,30.2,7.38,Maize,Lentil
Loamy,34.9,196.4,70.1,56.5,17.2,60.5,7.29,Sugarcane,Mango
Loamy,18.1,68.9,44.2,31.0,25.1,28.3,7.42,Sugarcane,Lentil
Sandy Loam,26.0,57.1,68.9,46.3,48.3,32.6,7.74,Mango,Lentil
Loamy,24.7,63.8,57.5,42.0,49.5,31.0,7.44,Mustard,Cotton
Silty,20.5,85.4,55.7,102.0,48.5,55.1,6.55,Mango,Maize
Loamy,22.6,95.0,78.3,81.0,64.8,67.7,5.45,Wheat,Tomato
Silty,21.3,234.0,93.9,96.7,34.6,33.6,6.14,Sugarcane,Rice
Sandy Loam,22.4,139.5,75.4,42.9,33.4,24.9,7.0,Wheat,Soybean
Sandy Loam,21.4,94.6,66.1,50.4,64.4,41.1,6.41,Lentil,Soybean
Loamy,25.3,149.3,67.9,95.5,61.4,44.2,5.97,Groundnut,Maize
Sandy Loam,10.5,58.7,57.9,51.5,37.7,17.4,5.94,Tomato,Mustard
Clay,29.7,194.1,66.5,116.5,52.2,45.4,6.14,Potato,Sugarcane
Sandy Loam,21.4,117.9,50.3,98.5,48.0,35.6,6.71,Sugarcane,Wheat
Black,24.2,102.4,48.2,55.7,35.3,30.7,6.82,Mustard,Cotton
Silty,16.1,68.6,46.4,16.9,44.2,33.3,7.7,Mango,Lentil
Loamy,28.7,284.7,68.4,93.7,30.5,51.7,6.05,Groundnut,Rice
Silty,22.1,105.4,54.8,106.1,45.0,36.2,6.9,Tomato,Maize
Loamy,19.8,76.4,55.4,64.2,25.6,25.7,6.8,Cotton,Mustard
Silty,27.1,196.4,68.6,142.1,44.3,57.2,6.34,Soybean,Sugarcane
Loamy,35.5,183.2,60.2,47.1,22.0,39.0,7.42,Maize,Mango
Red,26.9,62.8,70.1,18.0,45.8,49.0,6.04,Potato,Groundnut
Silty,26.6,168.4,80.2,91.8,52.2,44.7,5.97,Maize,Rice
Loamy,23.5,69.9,34.3,40.0,36.9,26.0,6.45,Mustard,Lentil
Silty,19.7,125.6,67.6,111.3,55.2,42.4,6.24,Soybean,Maize
Laterite,32.8,111.1,67.7,67.0,25.2,42.3,6.52,Potato,Mango
Sandy Loam,13.0,55.3,48.5,61.7,28.3,35.0,6.31,Tomato,Mustard
Sandy Loam,17.7,34.8,59.1,39.2,36.3,34.7,7.32,Groundnut,Lentil
Sandy Loam,21.0,88.0,73.5,68.9,54.5,46.0,5.46,Rice,Tomato
Loamy,34.7,57.3,72.9,31.9,47.0,29.9,5.94,Mango,Groundnut
Clay,15.0,54.5,48.0,61.4,37.0,24.3,6.89,Maize,Mustard
Silty,24.9,98.1,60.9,90.7,74.4,58.2,6.6,Groundnut,Tomato
Silty,22.9,230.1,64.1,96.6,72.6,53.4,5.77,Tomato,Sugarcane
Loamy,26.1,166.0,66.6,69.6,22.2,42.7,5.9,Potato,Mango
Clay,13.1,74.1,36.6,74.0,25.3,24.1,6.95,Sugarcane,Mustard
Loamy,21.4,113.6,63.6,37.0,42.8,40.3,6.43,Potato,Soybean
Clay,26.3,126.8,78.6,19.4,31.2,30.6,6.83,Maize,Soybean
Loamy,26.7,76.4,72.8,47.3,63.9,29.2,7.1,Mango,Soybean
Laterite,35.6,170.7,54.3,52.7,26.1,39.9,7.08,Rice,Mango
Clay,19.9,297.0,93.8,92.4,32.9,61.4,6.47,Groundnut,Rice
Clay,22.2,108.5,85.9,94.2,75.2,45.7,5.79,Mango,Sugarcane
Clay,19.3,38.9,51.8,52.1,36.6,27.1,7.14,Sugarcane,Mustard
Clay,17.6,48.6,32.2,77.8,44.9,25.7,6.82,Tomato,Mustard
Silty,15.6,81.7,67.4,63.3,74.3,78.4,4.92,Wheat,Potato
Loamy,29.3,134.6,68.0,120.9,48.7,40.0,6.14,Soybean,Maize
Silty,27.3,161.0,68.1,118.4,52.5,56.6,6.53,Mango,Rice
Sandy Loam,17.9,106.6,58.7,44.5,35.6,32.1,7.115,Mango,Lentil
Clay,33.4,296.4,86.2,79.4,59.1,37.3,5.47,Groundnut,Rice
Sandy Loam,30.6,91.3,74.2,86.0,66.4,32.2,6.65,Rice,Maize
Loamy,17.5,56.1,72.2,88.7,68.8,54.9,5.74,Rice,Tomato
Clay,31.5,56.8,47.1,62.3,29.9,26.2,7.01,Groundnut,Cotton
Silty,20.5,174.4,76.1,96.3,41.8,31.0,6.6,Wheat,Rice
Sandy Loam,25.2,159.2,61.2,138.7,47.0,44.1,6.41,Potato,Maize
Clay,25.5,171.6,72.0,67.4,58.8,39.8,6.08,Mustard,Rice
Silty,20.6,72.3,60.8,20.6,46.7,18.6,6.98,Soybean,Lentil
Silty,21.3,66.0,53.1,76.5,77.5,52.3,6.66,Rice,Tomato
Loamy,32.4,57.6,56.5,62.1,36.9,35.5,7.83,Groundnut,Cotton
Silty,23.8,77.7,80.9,71.2,75.2,45.8,5.55,Cotton,Potato
Clay,17.7,61.4,47.8,74.4,38.1,33.8,5.98,Groundnut,Mustard
Loamy,36.5,278.9,68.9,83.2,50.2,59.9,6.95,Wheat,Rice
Loamy,28.1,76.3,71.4,33.1,39.8,24.2,6.38,Cotton,Groundnut
Clay,26.3,137.5,79.9,57.2,56.2,35.7,6.73,Rice,Soybean
Sandy Loam,16.7,55.5,55.1,32.2,32.0,30.0,7.24,Sugarcane,Lentil
Loamy,29.7,271.8,84.5,98.3,64.2,49.7,5.64,Tomato,Rice
Silty,16.4,81.5,57.0,75.5,75.4,51.1,6.24,Groundnut,Tomato
Loamy,21.4,70.1,66.0,96.6,69.9,75.9,5.08,Sugarcane,Potato
Silty,25.2,231.4,68.9,147.7,56.95,70.0,6.49,Tomato,Sugarcane
Loamy,17.7,72.3,64.3,97.2,58.0,40.3,6.86,Sugarcane,Wheat
Sandy Loam,20.5,69.1,61.9,115.4,45.3,25.5,6.53,Potato,Wheat
Red,28.1,89.1,48.2,35.2,38.4,39.5,6.77,Cotton,Groundnut
Laterite,34.7,166.6,67.7,59.8,31.8,56.9,6.66,Wheat,Mango
Clay,32.4,149.4,50.0,46.7,44.4,17.2,7.14,Mango,Cotton
Sandy Loam,11.1,53.1,56.1,136.7,79.2,26.1,6.5,Sugarcane,Wheat
Clay,28.7,186.8,60.6,126.2,63.4,72.3,5.98,Groundnut,Sugarcane
Loamy,23.7,120.1,54.8,128.0,64.3,34.8,5.91,Wheat,Maize
Sandy Loam,22.9,104.9,52.4,115.4,80.4,46.3,6.97,Soybean,Wheat
Loamy,23.4,130.3,49.5,90.6,57.5,39.9,5.97,Rice,Wheat
Sandy Loam,16.8,71.5,62.9,15.6,29.0,37.1,6.14,Rice,Lentil
Sandy Loam,26.1,104.4,73.4,12.8,51.5,28.4,5.88,Lentil,Groundnut
Clay,35.4,86.4,48.2,96.2,27.1,28.0,6.86,Soybean,Cotton
Loamy,13.9,63.3,36.7,109.2,51.8,45.8,6.84,Potato,Wheat
Loamy,29.2,177.1,73.2,80.4,26.5,61.1,7.2,Tomato,Mango
Sandy Loam,31.9,152.8,75.4,41.9,36.1,30.0,6.09,Groundnut,Soybean
Clay,32.4,260.7,86.3,100.7,52.2,48.1,5.65,Tomato,Rice
Laterite,37.2,111.6,64.1,42.2,48.5,37.5,6.65,Wheat,Mango
Loamy,13.2,98.4,71.6,62.2,61.4,37.2,5.91,Lentil,Potato
Loamy,26.3,136.1,55.6,46.7,52.1,31.8,6.25,Mustard,Mango
Sandy Loam,15.6,55.7,51.8,45.1,48.2,16.3,7.32,Mango,Lentil
Clay,33.2,123.7,77.0,142.8,56.3,42.3,7.34,Maize,Sugarcane
Loamy,22.5,118.6,72.6,56.5,89.7,53.6,4.78,Maize,Potato
Clay,17.3,49.2,32.8,73.6,35.6,30.8,6.71,Groundnut,Mustard
Clay,20.4,51.0,82.3,27.6,47.0,23.5,7.43,Mustard,Soybean
Sandy Loam,21.4,82.2,54.1,33.6,53.8,45.6,7.07,Mango,Groundnut
Sandy Loam,24.9,72.3,54.5,84.6,52.2,59.1,5.55,Mustard,Maize
Sandy Loam,18.1,96.9,61.9,107.2,44.1,26.6,7.22,Soybean,Wheat
Sandy Loam,34.3,196.8,69.6,69.8,42.3,43.6,5.76,Tomato,Mango
Loamy,24.35,93.8,74.2,98.8,85.1,58.7,6.23,Soybean,Tomato
Silty,17.3,57.5,73.0,67.8,92.1,62.9,5.81,Soybean,Potato
Sandy Loam,18.1,58.2,33.0,110.5,71.0,29.2,7.51,Sugarcane,Wheat
Red,28.0,73.7,53.8,38.5,50.4,17.0,6.17,Soybean,Groundnut
Silty,30.7,210.4,73.9,97.9,52.5,57.8,7.37,Rice,Sugarcane
Loamy,29.4,118.3,41.1,63.3,38.9,21.3,7.65,Soybean,Cotton
Sandy Loam,27.7,118.5,75.0,29.55,58.0,38.7,6.54,Mustard,Groundnut
Red,30.9,55.5,59.1,37.2,53.8,38.9,5.89,Potato,Groundnut
Red,27.1,72.2,67.5,21.5,55.0,52.9,6.73,Soybean,Groundnut
Sandy Loam,26.2,143.1,66.2,62.2,29.9,28.0,6.35,Cotton,Mango
Clay,25.0,134.9,81.2,122.4,50.6,51.2,7.26,Mustard,Sugarcane
Silty,14.8,65.2,69.7,78.3,68.0,58.1,6.38,Lentil,Potato
Sandy Loam,22.7,93.5,77.9,91.6,61.0,42.7,5.76,Lentil,Maize
Loamy,24.5,67.6,61.7,44.6,44.4,34.1,6.88,Cotton,Groundnut
Silty,18.5,71.0,79.9,95.4,80.9,40.3,5.35,Tomato,Potato
Clay,21.5,40.9,50.4,36.4,45.7,30.1,6.71,Groundnut,Mustard
Loamy,25.1,87.3,32.6,36.3,20.2,35.5,7.115,Cotton,Lentil
Silty,20.1,45.8,53.2,24.3,44.7,28.7,8.22,Rice,Lentil
Clay,33.5,269.4,81.2,118.6,51.9,42.0,6.26,Mustard,Rice
Sandy Loam,25.9,79.3,73.2,53.2,28.6,37.1,6.04,Sugarcane,Soybean
Loamy,21.0,126.0,61.9,19.1,48.9,37.1,7.3,Rice,Soybean
Loamy,24.1,64.6,69.4,21.7,57.8,42.1,6.28,Cotton,Groundnut
Sandy Loam,18.5,94.9,66.0,129.9,48.6,39.0,6.08,Tomato,Wheat
Silty,19.2,163.1,62.5,115.9,44.1,49.1,5.63,Potato,Maize
Clay,28.3,175.5,87.7,145.0,53.9,77.4,7.3,Groundnut,Sugarcane
Sandy Loam,16.6,45.0,35.2,63.7,35.9,19.0,6.09,Lentil,Mustard
Sandy Loam,18.6,79.6,36.5,20.9,25.9,28.8,6.88,Potato,Lentil
Sandy Loam,25.1,84.3,70.8,42.0,57.4,26.5,6.4,Mustard,Groundnut
Clay,23.3,68.0,60.0,65.5,30.5,32.6,6.16,Soybean,Mustard
Red,25.1,48.4,49.3,31.4,44.0,50.8,6.46,Lentil,Groundnut
Silty,17.1,94.4,78.0,69.1,61.0,66.2,5.21,Wheat,Potato
Clay,13.4,86.25,33.8,109.2,71.0,29.1,7.21,Maize,Wheat
Clay,20.5,110.0,33.8,109.6,59.2,33.2,6.65,Cotton,Wheat
Silty,23.4,127.3,65.7,86.1,53.0,28.9,6.35,Mustard,Maize
Silty,26.6,71.8,67.2,85.15,52.3,59.0,5.59,Mustard,Tomato
Laterite,24.4,164.6,66.4,41.5,41.1,48.2,5.71,Soybean,Mango
Loamy,18.8,48.7,31.5,32.2,43.7,13.1,6.33,Soybean,Lentil
Loamy,21.7,94.8,33.2,14.6,36.5,40.2,6.12,Soybean,Lentil
Sandy Loam,31.2,114.8,53.5,27.7,44.4,33.7,6.86,Cotton,Groundnut
Clay,34.0,56.5,48.7,74.9,23.4,28.65,6.55,Soybean,Cotton
Red,29.0,59.2,56.7,43.1,34.8,39.9,6.24,Mango,Groundnut
Silty,19.8,58.0,45.5,27.5,35.0,37.6,6.75,Tomato,Lentil
Sandy Loam,21.4,89.9,81.4,68.4,47.8,53.7,6.7,Lentil,Tomato
Silty,28.5,99.9,62.3,95.6,78.1,68.1,5.98,Mustard,Tomato
Loamy,27.4,186.0,58.7,45.6,25.3,40.5,6.25,Maize,Mango
Sandy Loam,15.8,34.9,43.9,41.8,42.9,20.7,7.14,Wheat,Mustard
Loamy,38.0,75.7,60.0,77.3,23.3,38.9,6.78,Tomato,Cotton
Loamy,19.5,91.6,69.2,85.15,78.2,56.4,6.13,Mustard,Tomato
Black,32.9,89.3,47.8,85.4,37.4,39.9,7.48,Tomato,Cotton
Sandy Loam,17.5,55.1,42.7,74.3,37.6,15.0,6.71,Mango,Mustard
Sandy Loam,13.8,85.8,85.1,72.7,49.9,69.7,6.21,Lentil,Potato
Silty,18.9,51.7,40.4,15.7,27.3,26.2,6.98,Mango,Lentil
Loamy,24.1,233.3,92.1,108.0,64.2,45.0,5.98,Lentil,Rice
Loamy,27.7,63.9,55.1,96.5,42.5,30.1,6.0,Potato,Maize
Clay,17.1,80.5,54.0,62.9,44.8,32.4,6.71,Tomato,Mustard
Sandy Loam,23.9,86.6,53.1,91.3,69.2,47.7,7.23,Potato,Wheat
Loamy,12.7,103.5,63.6,82.5,89.2,52.8,5.14,Soybean,Potato
Red,27.5,70.2,68.0,21.8,36.1,43.5,6.06,Tomato,Groundnut
Sandy Loam,19.6,91.3,60.1,63.8,87.5,69.2,5.09,Rice,Potato
Sandy Loam,24.1,50.9,31.2,43.5,38.8,27.6,6.11,Tomato,Mustard
Loamy,27.2,101.2,64.7,53.0,23.0,28.65,6.08,Potato,Cotton
Loamy,18.0,116.3,39.9,77.9,58.5,29.6,7.3,Mango,Wheat
Clay,23.3,270.4,80.6,66.5,49.1,56.3,6.4,Sugarcane,Rice
Silty,24.5,74.4,72.7,103.7,52.2,65.7,6.3,Potato,Tomato
Sandy Loam,18.2,60.4,33.3,42.6,44.7,15.1,6.87,Soybean,Lentil
Silty,22.4,101.5,56.4,71.6,65.5,59.7,5.92,Cotton,Tomato
Loamy,27.5,215.6,89.0,81.5,56.9,37.1,5.29,Cotton,Rice
Clay,28.7,154.2,89.4,152.1,50.1,64.6,6.06,Soybean,Sugarcane
Loamy,23.3,120.3,80.3,149.3,61.8,53.8,7.21,Groundnut,Sugarcane
Loamy,15.8,62.4,60.6,121.6,45.0,42.8,7.03,Mustard,Wheat
Clay,21.5,67.3,52.5,122.1,62.7,44.5,6.09,Potato,Wheat
Silty,29.8,206.7,81.85,100.2,50.7,44.3,5.98,Lentil,Rice
Clay,32.9,284.6,81.2,51.7,37.4,55.0,6.71,Cotton,Rice
Clay,35.0,65.8,42.2,61.2,34.4,30.2,8.0,Groundnut,Cotton
Black,33.9,61.3,58.0,50.4,46.6,18.4,7.005,Lentil,Cotton
Silty,21.6,85.3,79.3,55.3,74.2,43.3,5.98,Mango,Potato
Clay,21.5,283.6,74.7,77.5,66.1,43.7,5.98,Lentil,Rice
Silty,32.4,136.4,78.5,119.3,63.9,68.6,5.74,Rice,Sugarcane
Loamy,17.8,98.2,61.8,102.3,58.3,52.4,6.32,Groundnut,Wheat
Loamy,26.1,270.7,75.3,112.9,41.2,38.3,6.61,Wheat,Rice
Clay,35.2,217.8,78.5,116.2,57.2,42.6,6.01,Soybean,Sugarcane
Sandy Loam,26.3,68.6,58.4,76.0,79.1,59.8,6.06,Rice,Tomato
Clay,28.2,192.7,66.6,152.2,39.0,40.5,6.64,Mustard,Sugarcane
Loamy,33.8,74.4,53.3,59.7,45.4,41.8,6.48,Mustard,Cotton
Loamy,28.2,100.0,69.0,29.3,30.5,21.2,6.84,Cotton,Groundnut
Silty,18.3,84.0,77.3,99.1,68.4,43.0,6.74,Maize,Tomato
Loamy,29.2,183.4,73.8,117.2,58.0,51.1,6.58,Rice,Maize
Loamy,22.4,57.8,35.3,45.2,51.4,28.8,6.21,Wheat,Mustard
Laterite,24.4,160.6,59.7,62.4,52.4,64.3,5.92,Potato,Mango
Loamy,23.7,74.5,59.1,105.9,67.8,47.9,6.86,Cotton,Tomato
Loamy,9.2,73.2,43.8,42.9,48.0,25.0,6.21,Lentil,Mustard
Clay,29.0,56.8,78.7,37.1,49.8,38.4,6.2,Maize,Soybean
Loamy,15.2,65.4,75.0,93.6,79.2,51.9,5.11,Mango,Potato
Red,34.8,66.7,51.7,23.8,38.5,48.3,5.72,Maize,Groundnut
Loamy,20.8,42.5,56.9,93.2,40.9,41.6,6.53,Soybean,Wheat
Clay,19.9,60.3,34.1,58.1,28.1,28.5,6.26,Rice,Mustard
Clay,15.7,80.5,50.3,58.8,25.4,22.8,6.79,Sugarcane,Mustard
Sandy Loam,16.5,70.9,70.5,75.3,73.4,52.9,5.3,Cotton,Potato
Sandy Loam,24.5,58.7,71.1,23.8,51.9,37.4,6.38,Soybean,Groundnut
Silty,31.1,52.5,60.7,109.9,74.7,66.0,5.46,Potato,Tomato
Clay,18.1,67.9,39.7,132.0,70.4,41.6,7.37,Soybean,Wheat
Loamy,34.4,154.2,59.8,68.7,19.3,32.8,6.1,Tomato,Mango
Sandy Loam,25.8,85.5,56.7,57.8,37.9,64.5,6.21,Potato,Mango
Silty,20.6,86.0,70.9,83.6,84.9,37.0,6.23,Sugarcane,Potato
Clay,32.2,300.6,90.2,92.7,51.45,42.0,6.06,Cotton,Rice
Loamy,23.8,152.6,62.5,60.3,39.7,32.0,7.4,Mango,Soybean
Loamy,19.8,62.5,43.4,45.9,32.8,36.3,7.44,Sugarcane,Lentil
Sandy Loam,24.2,120.8,47.3,130.9,59.9,25.8,7.1,Cotton,Wheat
Loamy,13.1,100.0,78.3,92.4,82.1,55.9,5.56,Mustard,Potato
Silty,27.9,128.2,57.1,86.5,44.7,25.6,6.98,Potato,Maize
Loamy,24.7,68.0,75.7,105.1,76.3,56.4,6.235,Cotton,Tomato
Loamy,23.0,144.0,72.1,89.4,67.7,53.0,6.26,Mustard,Rice
Loamy,22.7,43.8,58.3,38.7,62.6,25.2,5.98,Rice,Groundnut
Clay,30.9,121.0,76.0,139.3,75.9,76.5,6.88,Lentil,Sugarcane
Silty,27.9,61.05,33.7,23.7,46.1,31.1,7.15,Rice,Lentil
Loamy,17.5,81.4,60.9,19.7,17.0,31.0,7.2,Sugarcane,Lentil
Silty,28.7,127.7,71.7,94.2,60.9,33.2,6.6,Sugarcane,Maize
Laterite,28.1,184.8,76.0,73.2,47.3,47.7,6.57,Wheat,Mango
Clay,27.7,108.7,46.0,66.9,20.4,33.1,8.02,Wheat,Cotton
Sandy Loam,24.5,79.0,29.7,22.7,21.7,42.7,6.91,Potato,Lentil
Sandy Loam,9.0,77.2,45.5,109.8,38.4,45.8,6.47,Soybean,Wheat
Loamy,25.6,82.3,82.6,89.4,57.5,50.8,5.77,Lentil,Tomato
Silty,24.7,96.9,68.1,107.0,56.7,56.6,6.69,Lentil,Tomato
Loamy,10.8,114.5,52.4,98.6,54.5,31.0,6.19,Mango,Wheat
Black,28.1,101.2,64.9,44.6,30.5,16.5,6.27,Sugarcane,Cotton
Clay,22.7,58.0,59.2,116.1,42.8,33.0,6.71,Cotton,Wheat
Sandy Loam,23.3,111.5,33.2,106.5,63.5,21.5,6.51,Tomato,Wheat
Silty,25.3,122.8,67.5,90.1,42.8,51.1,6.27,Soybean,Maize
Sandy Loam,28.8,142.9,64.9,49.8,36.9,35.6,6.28,Tomato,Soybean
Black,41.4,82.9,42.0,77.7,45.0,38.9,6.72,Soybean,Cotton
Clay,26.8,80.2,55.6,57.1,19.1,22.5,7.06,Sugarcane,Cotton
Clay,30.0,76.4,85.0,46.4,48.3,30.2,6.58,Groundnut,Soybean
Silty,24.2,153.1,85.5,95.1,67.2,37.9,6.49,Groundnut,Rice
Laterite,25.8,140.0,60.8,75.0,40.5,66.7,5.64,Cotton,Mango
Clay,29.9,68.1,54.6,26.8,50.1,42.4,6.73,Mango,Soybean
Clay,37.7,259.5,81.6,97.4,42.5,76.4,7.31,Mango,Sugarcane
Black,30.5,103.1,64.8,66.2,32.7,24.8,6.89,Soybean,Cotton
Loamy,11.1,49.3,43.1,55.6,27.6,23.9,6.31,Groundnut,Mustard
Loamy,19.6,50.1,77.1,90.3,55.6,43.9,6.78,Mango,Tomato
Sandy Loam,20.7,64.2,52.3,37.3,56.1,36.5,6.05,Tomato,Lentil
Sandy Loam,29.7,143.0,58.2,72.7,35.6,49.2,5.88,Rice,Mango
Sandy Loam,24.4,65.4,66.8,56.5,65.6,51.8,5.69,Maize,Tomato
Loamy,21.8,265.2,94.2,81.8,54.1,36.1,6.56,Mango,Rice
Clay,22.4,48.7,35.5,66.2,43.7,23.5,6.74,Mango,Mustard
Sandy Loam,24.1,134.4,74.1,75.3,43.6,52.7,6.62,Soybean,Mango
Loamy,29.9,73.1,67.8,23.0,54.7,23.8,6.0,Sugarcane,Groundnut
Sandy Loam,22.2,95.7,76.5,70.8,74.0,50.7,5.06,Cotton,Potato
Loamy,32.05,83.2,54.0,75.0,28.0,42.4,6.95,Lentil,Cotton
Loamy,26.5,134.3,60.8,45.8,31.8,20.8,7.29,Groundnut,Cotton
Loamy,19.3,47.6,55.7,56.6,28.5,31.1,6.53,Soybean,Mustard
Sandy Loam,26.3,148.5,57.7,40.5,46.8,39.8,6.98,Wheat,Soybean
Sandy Loam,21.6,92.5,66.3,77.5,82.8,64.7,7.02,Sugarcane,Tomato
Sandy Loam,22.8,87.3,63.2,101.8,82.8,55.8,5.52,Lentil,Potato
Sandy Loam,20.6,86.25,54.9,117.9,47.0,42.3,6.74,Lentil,Wheat
Sandy Loam,35.1,142.1,54.2,58.7,35.7,72.5,7.54,Sugarcane,Mango
Loamy,28.1,37.3,81.9,88.1,61.4,52.1,6.26,Mango,Tomato
Sandy Loam,17.7,52.6,32.2,62.5,38.8,19.5,6.04,Wheat,Mustard
Loamy,24.1,62.5,41.4,52.6,44.6,24.8,6.77,Wheat,Mustard
Loamy,23.5,272.9,90.0,67.9,45.5,49.8,6.57,Mustard,Rice
Clay,28.7,142.4,64.2,85.3,36.0,15.6,7.43,Groundnut,Cotton
Clay,21.7,216.0,75.1,70.4,60.2,46.5,5.85,Maize,Rice
Clay,33.7,270.1,93.1,110.3,56.8,34.9,5.22,Lentil,Rice
Clay,25.5,127.5,69.8,119.8,67.3,58.6,6.95,Cotton,Sugarcane
Loamy,19.1,125.1,77.3,45.0,49.8,34.2,6.57,Maize,Soybean
Loamy,15.5,49.9,35.9,113.1,77.2,44.8,7.05,Groundnut,Wheat
Clay,21.6,230.0,88.3,92.2,69.5,42.5,6.49,Cotton,Rice
Clay,19.8,70.3,62.9,111.9,77.3,34.7,6.54,Sugarcane,Wheat
Silty,17.2,72.3,84.2,67.6,62.2,55.9,5.89,Wheat,Potato
Black,29.2,71.4,52.4,59.6,43.5,35.3,7.58,Tomato,Cotton
Loamy,26.0,150.5,55.8,110.0,37.3,44.5,5.9,Sugarcane,Maize
Silty,27.5,254.0,86.8,84.6,56.7,42.6,5.51,Lentil,Rice
Loamy,27.0,54.5,73.1,89.6,78.7,61.3,6.25,Lentil,Tomato
Loamy,30.6,251.0,84.0,116.9,62.6,50.0,6.33,Soybean,Rice
Red,23.8,65.4,55.3,20.7,46.5,27.7,6.82,Cotton,Groundnut
Clay,19.8,79.0,33.4,46.5,43.5,21.1,6.58,Lentil,Mustard
Sandy Loam,18.5,68.9,73.1,56.1,70.6,71.1,5.18,Lentil,Potato
Clay,27.0,82.7,81.9,52.4,57.1,36.6,6.16,Wheat,Soybean
Silty,26.1,61.05,58.5,46.5,26.3,20.5,6.19,Soybean,Lentil
Silty,22.4,85.8,76.8,92.0,78.1,37.1,6.82,Cotton,Tomato
Clay,29.2,54.4,52.2,53.8,43.2,14.1,7.42,Mango,Cotton
Loamy,38.5,126.6,52.4,45.7,38.3,44.6,7.15,Sugarcane,Cotton
Sandy Loam,30.4,160.0,57.5,128.1,64.8,29.3,6.41,Mango,Maize
Loamy,28.7,88.2,64.4,28.1,57.1,46.2,5.81,Sugarcane,Groundnut
Sandy Loam,26.3,59.6,65.9,63.3,56.4,63.9,6.26,Potato,Tomato
Loamy,9.9,78.5,37.1,84.9,55.9,47.9,6.17,Soybean,Wheat
Loamy,39.6,133.1,60.6,93.9,35.1,35.4,6.99,Mango,Cotton
Loamy,25.8,77.2,55.5,79.6,29.1,23.3,6.29,Soybean,Cotton
Loamy,11.3,64.3,50.9,77.9,45.8,17.6,7.07,Wheat,Mustard
Sandy Loam,20.9,56.6,71.3,72.2,75.5,44.9,6.0,Soybean,Potato
Sandy Loam,14.3,41.6,37.6,59.5,35.8,14.9,6.8,Groundnut,Mustard
Black,28.3,102.9,45.3,57.6,44.9,32.8,6.5,Tomato,Cotton
Clay,24.2,106.1,67.4,97.5,67.2,81.2,6.97,Mango,Sugarcane
Clay,29.6,67.8,40.6,55.3,42.6,20.0,7.36,Wheat,Cotton
Sandy Loam,17.8,64.0,61.1,109.2,84.5,59.4,5.57,Lentil,Tomato
Loamy,19.2,97.7,82.3,79.5,61.7,74.0,5.5,Lentil,Potato
Silty,33.9,134.0,86.0,152.8,54.2,65.1,6.64,Groundnut,Sugarcane
Clay,29.3,180.3,87.3,113.0,51.9,46.4,5.78,Wheat,Sugarcane
Loamy,18.6,160.5,66.3,71.2,42.2,44.7,6.48,Soybean,Maize
Sandy Loam,12.6,48.7,25.8,118.4,62.7,51.4,6.51,Tomato,Wheat
Silty,32.4,219.1,88.8,91.2,42.8,60.3,7.03,Potato,Sugarcane
Sandy Loam,24.0,60.1,76.2,68.0,68.7,47.6,6.23,Wheat,Tomato
Laterite,30.9,119.6,63.8,64.0,31.4,59.7,6.2,Wheat,Mango
Loamy,25.5,165.3,62.3,104.7,56.0,43.0,6.99,Mustard,Sugarcane
Sandy Loam,22.7,82.8,73.7,26.9,45.6,36.7,6.16,Wheat,Groundnut
Sandy Loam,29.0,101.1,80.5,77.5,69.2,55.5,6.03,Cotton,Tomato
Loamy,16.7,74.4,43.0,43.1,37.0,19.1,6.58,Mustard,Lentil
Sandy Loam,29.9,96.0,70.5,30.3,45.3,41.9,6.94,Maize,Soybean
Silty,31.6,154.9,55.5,76.4,39.4,32.1,7.3,Tomato,Maize
Clay,29.1,238.7,90.5,101.8,65.7,57.8,6.88,Mango,Rice
Loamy,23.0,93.7,75.5,56.4,64.0,44.2,5.68,Mustard,Potato
Loamy,22.2,248.7,90.3,68.1,48.3,57.0,5.75,Potato,Rice
Silty,23.8,45.6,72.3,47.8,57.8,55.9,6.16,Mustard,Potato
Loamy,31.0,114.9,79.9,21.9,64.7,53.1,6.06,Tomato,Soybean
Sandy Loam,16.2,58.6,42.5,46.5,51.3,34.9,6.74,Rice,Mustard
Sandy Loam,25.6,183.5,58.0,60.1,30.9,46.2,5.8,Potato,Mango
Clay,22.4,46.9,30.1,78.9,45.8,20.0,6.22,Lentil,Mustard
Loamy,25.3,89.7,49.0,68.0,71.1,60.0,6.45,Sugarcane,Tomato
Sandy Loam,22.1,66.5,63.1,35.8,21.5,36.0,6.47,Rice,Lentil
Sandy Loam,20.2,90.8,44.6,108.45,45.3,26.3,7.25,Sugarcane,Wheat
Silty,14.1,69.1,72.5,84.2,86.1,69.0,5.06,Maize,Potato
Silty,28.7,237.4,69.9,93.8,54.9,62.9,5.76,Rice,Sugarcane
Loamy,20.8,293.1,94.6,107.0,47.2,46.9,5.43,Cotton,Rice
Loamy,19.2,55.0,61.8,90.8,54.0,62.2,5.97,Rice,Tomato
Loamy,16.7,78.2,61.8,46.5,63.2,68.7,5.94,Tomato,Potato
Sandy Loam,29.2,66.6,59.2,47.5,35.5,39.3,7.08,Mustard,Soybean
Clay,8.8,96.1,42.9,88.5,76.5,35.8,6.73,Tomato,Wheat
Laterite,29.9,165.4,63.8,72.6,30.5,59.4,5.79,Potato,Mango
Loamy,27.2,89.6,54.2,34.0,32.5,15.5,7.32,Groundnut,Lentil
Loamy,25.2,151.1,81.6,98.2,51.4,54.2,5.62,Soybean,Rice
Sandy Loam,29.0,118.3,82.7,21.3,36.0,29.2,6.72,Groundnut,Soybean
Sandy Loam,34.0,116.9,50.1,39.3,33.8,39.1,6.73,Soybean,Groundnut
Sandy Loam,23.8,68.9,75.4,45.6,31.6,22.0,5.95,Lentil,Groundnut
Black,23.8,99.0,56.6,87.5,38.4,20.8,6.59,Sugarcane,Cotton
Loamy,12.1,62.8,45.4,124.7,43.1,47.3,6.27,Mustard,Wheat
Sandy Loam,14.2,113.0,62.3,75.3,80.9,48.9,5.62,Soybean,Potato
Loamy,19.05,83.6,63.9,44.7,56.4,76.0,5.72,Cotton,Potato
Sandy Loam,26.3,64.5,72.4,31.9,32.2,22.6,6.49,Groundnut,Soybean
Sandy Loam,16.4,68.1,69.5,48.1,87.3,48.1,4.88,Rice,Potato
Loamy,24.1,163.3,75.3,112.0,43.3,41.2,6.56,Mango,Maize
Silty,28.6,126.8,83.6,113.6,39.5,30.8,6.55,Cotton,Maize
Clay,36.7,130.2,69.7,152.1,62.8,70.4,7.47,Lentil,Sugarcane
Loamy,29.5,98.2,59.9,40.9,38.6,23.0,6.45,Sugarcane,Groundnut
Silty,26.6,78.4,58.9,75.5,77.4,58.7,6.42,Sugarcane,Tomato
Sandy Loam,23.0,49.1,41.8,26.5,41.4,13.5,6.14,Groundnut,Lentil
Red,28.1,89.7,52.9,35.3,44.7,50.4,6.5,Cotton,Groundnut
Silty,14.1,78.5,65.5,66.5,86.2,50.8,4.85,Tomato,Potato
Clay,29.7,132.2,75.4,38.8,61.0,21.2,6.18,Mustard,Soybean
Silty,34.3,184.0,69.7,112.5,41.4,42.9,6.26,Wheat,Sugarcane
Clay,26.0,211.8,92.3,97.3,51.45,56.9,6.82,Wheat,Rice
Loamy,20.3,80.4,69.3,99.3,74.3,41.3,5.62,Cotton,Potato
Sandy Loam,23.6,85.6,39.7,32.3,38.8,26.5,7.01,Groundnut,Lentil
Sandy Loam,21.9,84.4,80.4,56.2,51.3,40.4,6.49,Groundnut,Potato
Silty,23.4,91.5,66.2,65.0,87.8,59.9,5.61,Soybean,Tomato
Black,25.8,42.5,58.8,82.5,32.1,27.7,7.12,Mango,Cotton
Loamy,27.9,48.9,57.1,28.7,34.7,30.4,6.34,Mustard,Lentil
Loamy,31.1,52.1,58.2,35.2,42.0,38.0,6.0,Soybean,Groundnut
Silty,28.2,212.6,63.8,109.4,56.95,48.6,5.78,Soybean,Sugarcane
Silty,31.8,113.8,76.1,122.3,49.1,23.6,6.37,Mango,Maize
Loamy,21.1,87.7,38.4,94.8,48.2,27.3,6.0,Groundnut,Wheat
Loamy,12.0,80.9,43.1,57.0,42.7,19.2,7.46,Sugarcane,Mustard
Silty,27.7,60.4,43.0,53.4,47.2,43.0,6.36,Potato,Lentil
Red,24.5,69.4,66.3,25.5,53.3,44.8,5.86,Potato,Groundnut
Loamy,9.8,69.8,62.8,45.4,47.1,31.2,7.39,Lentil,Mustard
Loamy,20.3,109.6,76.1,49.7,51.4,50.9,5.88,Wheat,Potato
Sandy Loam,22.8,182.4,57.2,103.9,59.3,40.6,6.06,Tomato,Maize
Clay,28.1,77.5,74.1,25.1,36.3,52.6,6.47,Potato,Soybean
Silty,20.2,218.0,91.8,83.3,51.45,50.6,6.19,Sugarcane,Rice
Loamy,19.2,72.5,62.5,60.9,64.0,54.8,5.26,Wheat,Potato
Loamy,18.9,102.7,58.2,83.5,70.4,58.7,5.62,Mustard,Potato
Clay,32.4,140.1,49.2,41.7,38.2,14.1,6.23,Maize,Cotton
Loamy,31.0,83.7,50.9,31.0,48.3,50.5,6.11,Rice,Groundnut
Loamy,24.3,72.0,61.0,46.0,46.8,29.3,6.6,Sugarcane,Soybean
Clay,16.5,47.3,60.0,72.7,40.1,23.7,6.5,Sugarcane,Mustard
Red,22.2,83.9,63.8,15.5,36.4,28.6,5.92,Soybean,Groundnut
Clay,35.2,150.9,51.9,65.7,32.9,28.6,7.24,Maize,Cotton
Sandy Loam,21.9,120.7,72.4,52.8,40.3,45.5,7.01,Maize,Soybean
Silty,26.5,286.5,76.6,74.8,47.3,38.6,5.84,Potato,Rice
Loamy,35.4,175.8,90.0,86.5,56.6,51.3,6.11,Groundnut,Sugarcane
Sandy Loam,19.6,68.5,75.8,84.9,50.8,86.3,5.01,Soybean,Potato
Silty,28.3,96.5,52.8,94.3,52.3,46.8,7.12,Potato,Maize
Black,28.6,110.0,60.2,60.5,35.3,40.3,7.45,Mustard,Cotton
Clay,23.5,149.0,81.0,36.0,62.7,34.5,7.25,Groundnut,Soybean
Red,25.2,74.5,54.9,27.2,45.3,45.0,6.56,Tomato,Groundnut
Loamy,12.4,66.5,45.9,41.1,47.4,13.3,7.26,Rice,Mustard
Clay,17.2,104.1,34.2,110.4,59.8,25.4,7.0,Mango,Wheat
Loamy,24.1,96.9,76.0,137.2,63.6,37.9,6.34,Potato,Sugarcane
Sandy Loam,31.1,57.0,73.4,37.6,42.8,46.0,6.94,Tomato,Groundnut
Sandy Loam,18.1,78.8,48.6,20.1,19.6,16.1,7.98,Rice,Lentil
Loamy,13.2,33.2,36.8,38.7,36.2,25.8,6.11,Potato,Mustard
Sandy Loam,28.1,126.3,48.4,99.8,52.9,29.9,6.37,Lentil,Maize
Silty,19.1,107.2,79.2,100.8,50.1,30.4,5.9,Lentil,Maize
Laterite,38.6,148.2,75.5,67.7,47.9,54.9,6.46,Lentil,Mango
Clay,19.4,61.6,39.0,70.8,27.0,32.1,7.17,Rice,Mustard
Sandy Loam,16.2,72.1,82.6,76.5,80.9,75.9,6.52,Tomato,Potato
Sandy Loam,34.3,86.8,79.2,39.3,44.7,19.3,5.93,Lentil,Groundnut
Sandy Loam,15.6,53.7,83.8,87.2,71.0,40.5,5.96,Lentil,Potato
Sandy Loam,19.2,69.8,75.7,95.3,54.7,45.1,6.07,Mango,Potato
Loamy,21.6,46.0,80.3,73.7,55.7,52.2,5.83,Mustard,Potato
Silty,24.2,79.1,58.8,85.15,75.7,44.4,6.46,Potato,Tomato
Loamy,32.7,144.7,71.2,52.7,29.0,33.5,6.54,Lentil,Mango
Loamy,36.4,89.8,60.4,13.8,58.0,27.9,6.6,Tomato,Groundnut
Loamy,19.0,71.9,43.4,48.4,42.7,31.2,6.08,Tomato,Mustard
Clay,16.4,85.9,58.9,114.6,77.4,31.9,7.02,Tomato,Wheat
Loamy,39.5,99.4,55.5,35.5,21.1,28.65,6.19,Tomato,Cotton
Sandy Loam,33.1,106.5,73.5,71.8,31.8,71.9,7.39,Sugarcane,Mango
Red,26.6,107.8,66.3,35.9,44.7,39.2,6.2,Soybean,Groundnut
Clay,15.6,114.4,61.8,98.2,62.1,42.1,7.49,Sugarcane,Wheat
Loamy,33.0,174.3,80.8,64.8,31.0,69.2,6.67,Wheat,Mango
Clay,24.8,142.0,67.9,38.8,53.9,31.1,7.12,Mango,Soybean
Loamy,22.5,133.2,76.0,17.0,64.6,24.8,6.94,Sugarcane,Soybean
Sandy Loam,20.6,80.5,48.1,32.0,41.4,22.8,7.01,Tomato,Lentil
Loamy,22.2,86.25,63.5,135.3,79.1,26.8,6.06,Mango,Wheat
Loamy,12.4,75.8,74.9,87.9,88.0,69.8,5.01,Soybean,Potato
Loamy,28.4,78.0,55.4,38.9,56.9,31.1,6.73,Wheat,Groundnut
Clay,23.2,87.1,43.7,78.2,46.8,44.5,7.41,Potato,Wheat
Sandy Loam,13.0,82.1,78.6,75.3,76.5,48.5,5.81,Wheat,Potato
Silty,27.9,217.7,59.6,142.5,55.6,67.5,7.24,Cotton,Sugarcane
Silty,29.0,149.6,58.1,87.9,48.8,29.1,6.07,Groundnut,Maize
Sandy Loam,28.8,99.8,77.9,105.6,81.4,59.2,6.5,Cotton,Tomato
Loamy,28.4,104.8,56.3,22.2,40.0,34.8,5.93,Lentil,Groundnut
Laterite,30.2,131.3,72.2,47.2,27.5,38.0,6.8,Potato,Mango
Loamy,23.0,130.4,81.6,61.9,64.6,24.0,6.51,Rice,Soybean
Silty,25.0,61.05,31.1,27.5,51.0,20.8,7.69,Mustard,Lentil
Clay,14.4,54.5,45.9,126.8,73.1,40.3,6.32,Maize,Wheat
Loamy,27.1,120.3,55.5,53.2,40.1,38.0,7.36,Groundnut,Cotton
Sandy Loam,35.3,142.7,67.6,70.3,20.1,41.5,6.89,Lentil,Mango
Loamy,27.3,87.7,64.0,57.5,39.5,69.2,7.0,Rice,Mango
Loamy,23.8,28.7,59.7,48.2,42.2,25.7,7.66,Tomato,Lentil
Sandy Loam,24.7,72.1,61.3,60.9,86.1,71.3,6.34,Cotton,Potato
Sandy Loam,19.2,111.6,44.7,113.5,45.4,23.4,6.28,Cotton,Wheat
Sandy Loam,21.8,66.9,58.7,60.6,46.0,40.2,6.17,Soybean,Maize
Silty,24.7,114.5,68.4,102.5,42.7,27.7,6.89,Wheat,Maize
Silty,27.5,269.5,70.4,75.6,39.8,35.0,5.41,Potato,Rice
Loamy,12.6,43.5,45.3,59.4,33.9,22.3,6.42,Cotton,Mustard
Sandy Loam,14.0,117.6,41.0,96.0,41.4,27.1,7.32,Rice,Wheat
Silty,28.8,92.6,65.75,77.3,57.6,46.9,6.05,Potato,Tomato
Sandy Loam,22.7,89.0,75.9,54.7,34.7,29.4,6.8,Groundnut,Soybean
Silty,21.5,90.9,65.8,96.6,57.4,41.0,6.95,Cotton,Maize
Loamy,29.0,77.0,54.5,76.9,59.6,66.0,7.07,Mango,Tomato
Sandy Loam,19.3,93.6,59.3,90.2,83.4,69.8,6.08,Wheat,Potato
Loamy,29.6,76.4,77.4,63.8,60.9,40.9,5.82,Soybean,Tomato
Sandy Loam,24.4,43.7,67.2,90.1,75.7,61.1,6.3,Maize,Tomato
Loamy,28.6,117.6,64.4,56.1,43.1,45.8,6.35,Tomato,Soybean
Clay,27.2,138.1,59.7,90.8,33.4,21.4,7.04,Groundnut,Cotton
Clay,26.4,310.3,89.6,99.2,35.8,52.5,6.13,Soybean,Rice
Loamy,20.8,215.7,80.4,117.1,41.1,55.5,5.69,Groundnut,Rice
Sandy Loam,16.3,94.4,59.1,93.4,60.6,72.8,6.12,Mustard,Potato
Loamy,34.3,142.7,71.4,54.0,31.4,35.4,7.35,Wheat,Mango
Loamy,33.0,90.6,71.3,41.3,58.8,31.8,6.06,Wheat,Groundnut
Clay,24.9,62.0,47.3,48.0,31.6,17.6,6.55,Wheat,Mustard
Loamy,25.9,219.7,81.9,104.3,59.5,58.3,6.69,Tomato,Rice
Loamy,30.6,77.1,68.8,15.5,36.9,46.4,6.06,Tomato,Groundnut
Sandy Loam,11.5,48.9,56.0,78.0,42.7,28.0,6.51,Sugarcane,Mustard
Sandy Loam,12.2,46.8,84.1,68.3,77.0,58.2,5.62,Lentil,Potato
Silty,26.7,60.1,59.9,43.5,41.3,33.8,6.24,Sugarcane,Lentil
Sandy Loam,25.3,75.3,61.2,77.6,63.7,64.5,5.97,Mustard,Tomato
Clay,9.4,53.0,56.2,59.0,49.9,33.4,6.49,Mango,Mustard
Clay,24.7,150.8,69.3,53.5,61.7,33.5,6.93,Wheat,Soybean
Loamy,21.4,112.6,57.0,120.9,67.0,24.6,6.11,Soybean,Wheat
Sandy Loam,27.1,38.4,66.6,13.0,45.2,30.4,6.14,Tomato,Lentil
Laterite,32.3,73.1,63.8,81.0,31.8,35.6,6.52,Cotton,Mango
Silty,21.2,46.1,52.3,62.7,71.9,68.4,5.85,Lentil,Tomato
Loamy,29.9,126.2,61.2,71.4,26.3,31.3,6.45,Rice,Cotton
Loamy,31.3,117.7,81.7,95.4,56.95,72.6,5.66,Mustard,Sugarcane
Silty,36.0,136.6,80.3,92.9,57.6,46.7,6.57,Groundnut,Sugarcane
Loamy,20.3,70.8,60.5,79.8,47.6,30.2,6.54,Sugarcane,Mustard
Loamy,34.7,171.5,81.6,48.3,23.2,75.7,5.56,Sugarcane,Mango
Sandy Loam,32.1,89.4,64.4,29.6,47.1,34.6,6.79,Tomato,Groundnut
Loamy,24.3,69.1,58.1,42.6,22.3,35.8,6.77,Tomato,Lentil
Clay,33.1,215.8,88.6,77.8,50.4,52.0,7.55,Cotton,Sugarcane
Sandy Loam,37.6,99.4,46.2,45.7,30.9,43.4,6.87,Cotton,Mango
Loamy,34.1,107.6,55.5,48.2,26.1,18.7,7.21,Rice,Cotton
Loamy,25.3,160.9,73.3,60.1,27.0,37.9,6.1,Groundnut,Mango
Loamy,20.2,86.9,80.7,71.8,77.0,45.3,5.47,Rice,Potato
Loamy,15.7,79.9,60.9,42.5,27.7,26.1,8.0,Soybean,Lentil
Loamy,23.5,126.6,59.8,124.6,60.2,64.5,7.0,Maize,Sugarcane
Loamy,33.2,73.1,43.7,69.2,47.6,38.3,6.31,Groundnut,Cotton
Red,31.3,129.7,53.3,30.1,37.1,48.0,6.5,Sugarcane,Groundnut
Silty,22.7,117.5,78.7,109.1,43.1,51.8,6.41,Mustard,Maize
Sandy Loam,19.4,112.7,71.3,66.1,82.0,48.4,6.17,Cotton,Potato
Sandy Loam,20.9,89.0,69.3,71.0,87.1,74.1,6.23,Cotton,Potato
Silty,30.2,56.8,72.6,103.3,70.8,49.1,6.49,Lentil,Tomato
Loamy,27.9,128.9,39.8,87.9,28.3,25.8,6.22,Sugarcane,Cotton
Sandy Loam,21.7,117.5,70.2,112.3,40.7,51.3,5.68,Wheat,Maize
Sandy Loam,23.3,52.8,84.4,88.8,70.6,64.3,5.84,Wheat,Potato
Silty,14.3,123.7,85.2,76.3,57.5,41.6,6.05,Maize,Potato
Silty,23.7,105.7,50.4,123.7,66.1,31.6,5.85,Cotton,Maize
Sandy Loam,30.1,128.3,75.9,47.4,30.4,60.7,7.08,Lentil,Mango
Black,33.7,93.1,67.2,52.8,47.8,16.8,6.87,Mango,Cotton
Silty,20.3,41.8,57.1,72.6,75.2,52.8,5.76,Potato,Tomato
Silty,23.1,85.6,61.5,96.7,43.9,34.2,6.28,Rice,Maize
Loamy,20.7,84.2,35.1,18.3,27.4,35.3,6.24,Tomato,Lentil
Clay,27.3,222.6,67.7,112.1,42.7,33.7,5.98,Potato,Rice
Silty,21.1,218.9,61.6,93.8,40.3,51.9,6.97,Rice,Sugarcane
Loamy,19.5,52.6,75.6,88.7,53.6,78.0,4.81,Tomato,Potato
Loamy,27.8,109.0,68.1,15.8,44.8,24.9,6.6,Maize,Groundnut
Loamy,24.5,99.2,64.4,45.4,63.8,27.9,6.65,Wheat,Soybean
Clay,19.8,232.8,94.5,101.8,35.6,48.9,5.53,Cotton,Rice
Loamy,40.2,65.9,50.7,54.4,22.7,19.3,7.21,Rice,Cotton
Loamy,36.9,101.8,53.3,79.3,31.8,55.7,7.4,Soybean,Mango
Sandy Loam,19.9,74.7,32.4,29.3,48.9,30.3,7.82,Soybean,Lentil
Loamy,28.8,158.2,70.8,120.0,65.5,28.2,6.89,Groundnut,Maize
Sandy Loam,10.2,62.9,28.9,135.8,76.5,20.2,7.47,Soybean,Wheat
Laterite,37.7,79.7,76.2,45.8,51.5,67.0,6.91,Cotton,Mango
Silty,28.4,54.9,43.1,32.2,48.7,26.9,6.88,Wheat,Lentil
Red,31.4,100.1,57.5,32.0,52.4,28.7,6.1,Cotton,Groundnut
Loamy,18.8,44.1,47.6,66.6,37.0,20.4,7.36,Soybean,Mustard
Red,32.3,86.3,62.8,29.55,44.7,42.6,6.4,Wheat,Groundnut
Silty,25.7,144.4,64.5,105.1,64.4,34.1,7.22,Sugarcane,Maize
Loamy,18.2,66.5,35.2,72.4,33.9,19.5,7.31,Lentil,Mustard
Sandy Loam,17.7,78.3,62.3,86.1,72.4,49.6,6.28,Rice,Wheat
Clay,11.0,86.25,39.7,109.8,69.4,28.3,6.37,Tomato,Wheat
Silty,29.5,114.6,79.8,94.1,60.8,66.3,6.1,Groundnut,Sugarcane
Sandy Loam,26.2,104.1,64.9,32.6,42.8,41.7,6.37,Wheat,Groundnut
Silty,18.1,124.6,58.1,106.8,60.0,23.7,5.8,Mango,Maize
Clay,29.7,121.2,60.5,54.2,52.0,50.0,7.46,Maize,Soybean
Laterite,30.45,107.9,64.4,58.6,41.5,53.4,7.37,Wheat,Mango
Loamy,15.8,101.8,50.4,116.0,63.8,42.4,6.25,Tomato,Wheat
Clay,28.7,214.8,65.5,134.2,56.95,75.0,7.42,Maize,Sugarcane
Clay,21.7,102.4,52.0,77.6,41.8,31.9,6.73,Soybean,Wheat
Loamy,13.3,102.6,77.3,70.1,81.8,62.6,5.94,Soybean,Potato
Sandy Loam,18.7,85.4,30.7,76.9,34.8,29.7,7.16,Tomato,Mustard
Loamy,16.8,69.6,84.1,99.9,54.2,46.0,5.06,Soybean,Potato
Loamy,24.6,201.0,80.2,127.3,73.8,44.4,6.87,Wheat,Sugarcane
Loamy,22.3,67.5,70.4,69.9,76.9,76.1,4.92,Sugarcane,Potato
Loamy,24.4,77.6,41.8,78.1,48.3,27.5,6.06,Tomato,Mustard
Black,31.0,77.0,56.2,75.8,30.6,26.7,6.32,Tomato,Cotton
Sandy Loam,24.3,91.3,63.4,85.7,61.3,40.2,5.83,Wheat,Tomato
Loamy,25.7,66.3,71.0,117.3,44.8,53.2,5.97,Cotton,Maize
Clay,27.0,276.6,89.0,87.9,30.2,33.8,6.43,Mustard,Rice
Clay,36.6,108.6,73.0,121.8,50.2,68.8,6.87,Lentil,Sugarcane
Clay,29.9,124.0,71.7,45.1,37.8,47.8,6.84,Mustard,Soybean
Silty,27.9,262.5,73.6,94.4,61.4,56.1,6.26,Maize,Rice
Sandy Loam,24.4,120.9,46.7,125.1,78.1,37.5,6.33,Maize,Wheat
Loamy,31.5,259.8,91.5,113.7,45.0,52.0,6.48,Groundnut,Rice
Clay,8.6,99.2,50.4,99.8,60.5,38.2,6.79,Soybean,Wheat
Loamy,17.8,48.1,59.2,32.2,34.0,30.4,7.75,Potato,Lentil
Black,26.7,83.7,69.1,42.3,28.8,39.9,6.48,Groundnut,Cotton
Sandy Loam,26.1,107.0,82.3,33.0,55.1,29.4,6.29,Tomato,Soybean
Loamy,32.0,158.8,66.9,71.2,21.0,35.7,5.51,Cotton,Mango
Loamy,37.1,62.8,62.1,53.6,47.0,22.4,6.54,Mustard,Cotton
Silty,25.7,200.4,62.9,130.1,72.6,74.0,7.03,Lentil,Sugarcane
Sandy Loam,25.3,65.4,76.9,89.7,73.0,56.8,6.49,Maize,Potato
Silty,20.7,91.1,43.9,39.7,37.4,36.4,7.35,Rice,Lentil
Clay,38.4,174.8,77.9,96.7,42.6,63.3,5.82,Cotton,Sugarcane
Loamy,28.4,67.5,53.0,42.4,22.8,34.7,6.2,Potato,Cotton
Silty,24.1,64.5,44.7,34.8,37.2,25.3,7.72,Cotton,Lentil
Clay,23.2,224.8,65.0,152.4,60.3,64.3,5.71,Tomato,Sugarcane
Black,34.0,90.5,66.0,66.7,36.8,39.9,7.96,Wheat,Cotton
Sandy Loam,27.0,155.2,61.4,89.6,41.7,39.5,6.41,Soybean,Maize
Silty,30.0,74.8,69.0,76.2,78.3,72.9,5.64,Cotton,Tomato
Loamy,23.0,78.6,73.4,105.6,38.4,37.6,6.2,Potato,Maize
Loamy,24.0,82.0,47.6,108.1,47.4,39.1,6.73,Lentil,Wheat
Sandy Loam,25.9,70.1,44.5,30.5,52.2,31.1,7.115,Groundnut,Lentil
Clay,29.2,55.5,48.8,87.3,18.6,38.1,6.17,Soybean,Cotton
Clay,15.3,103.7,61.6,105.7,43.1,27.7,6.41,Rice,Wheat
Silty,21.2,119.2,61.8,78.1,49.4,43.1,6.49,Wheat,Maize
Silty,23.6,58.8,72.3,74.5,71.6,61.1,5.29,Sugarcane,Potato
Sandy Loam,25.3,167.6,64.6,105.0,46.3,26.8,6.97,Tomato,Maize
Sandy Loam,21.7,86.7,73.1,33.7,60.0,33.6,6.44,Cotton,Groundnut
Loamy,16.5,55.6,61.4,96.3,59.5,27.1,6.14,Rice,Wheat
Red,30.7,110.7,51.5,17.4,39.3,33.5,6.43,Tomato,Groundnut
Silty,31.1,222.8,72.8,89.3,69.1,38.9,5.83,Mango,Rice
Silty,25.5,179.0,75.4,103.8,66.0,60.6,5.9,Rice,Sugarcane
Loamy,23.8,76.4,64.5,33.1,33.2,28.9,6.48,Soybean,Groundnut
Silty,27.2,260.9,79.3,112.8,30.5,45.9,5.09,Tomato,Rice
Clay,23.5,139.5,60.2,23.1,32.0,41.5,6.69,Cotton,Soybean
Sandy Loam,25.6,81.8,63.8,32.1,45.6,40.0,6.54,Tomato,Soybean
Loamy,22.0,177.8,88.3,94.9,43.8,79.8,5.85,Wheat,Sugarcane
Loamy,16.8,105.6,72.4,69.5,92.1,40.7,5.75,Tomato,Potato
Loamy,27.8,252.3,88.5,68.2,58.1,30.5,6.73,Cotton,Rice
Sandy Loam,20.7,56.2,66.6,12.8,33.0,27.4,6.25,Maize,Lentil
Loamy,40.1,119.0,55.3,59.9,44.3,23.7,7.76,Soybean,Cotton
Red,29.1,79.7,63.9,45.3,30.3,48.6,5.87,Sugarcane,Groundnut
Sandy Loam,19.8,80.8,47.7,29.4,40.0,30.5,6.29,Cotton,Lentil
Loamy,27.9,75.1,62.8,94.8,52.3,56.4,6.21,Mustard,Tomato
Silty,20.1,61.05,52.7,29.3,46.9,31.9,6.28,Rice,Lentil
Loamy,23.1,102.1,51.7,86.8,78.9,46.6,6.03,Maize,Wheat
Laterite,38.0,105.3,57.6,36.2,32.7,62.9,6.9,Wheat,Mango
Sandy Loam,27.6,73.2,38.8,45.4,43.9,37.9,7.58,Rice,Lentil
Sandy Loam,31.7,110.5,69.2,19.9,37.7,49.5,5.84,Lentil,Groundnut
Clay,15.6,60.2,38.3,76.5,33.7,19.4,6.13,Rice,Mustard
Loamy,10.2,69.9,50.3,45.3,39.9,31.3,7.32,Maize,Mustard
Clay,28.3,117.4,55.5,54.4,29.3,38.0,7.42,Tomato,Cotton
Clay,24.3,106.1,72.4,49.7,49.1,39.8,7.52,Cotton,Soybean
Clay,31.4,146.5,85.7,126.2,72.7,79.4,5.31,Groundnut,Sugarcane
Sandy Loam,18.9,83.9,75.1,94.4,55.3,41.7,6.47,Lentil,Tomato
Clay,31.5,100.8,67.4,57.4,52.6,22.3,5.99,Mustard,Soybean
Loamy,30.6,95.5,68.8,91.3,48.8,32.8,5.98,Wheat,Maize
Black,36.8,116.1,63.7,73.2,25.7,23.6,7.11,Wheat,Cotton
Loamy,36.2,78.6,64.7,82.9,44.5,38.7,7.84,Wheat,Cotton
Loamy,28.7,320.2,79.6,88.4,66.4,40.5,6.67,Potato,Rice
Silty,19.9,43.7,56.2,36.4,48.5,20.5,7.81,Soybean,Lentil
Sandy Loam,30.8,101.4,69.5,50.3,37.3,44.5,7.44,Maize,Soybean
Loamy,24.8,56.7,29.0,40.3,31.3,12.8,6.12,Cotton,Lentil
Loamy,26.9,139.8,69.7,128.5,39.5,52.1,5.71,Potato,Maize
Loamy,12.9,91.0,66.5,63.0,83.7,72.2,5.13,Soybean,Potato
Loamy,21.6,72.8,58.7,97.0,35.4,58.1,5.72,Sugarcane,Maize
Clay,27.7,122.4,84.3,136.3,56.95,51.8,7.28,Rice,Sugarcane
Loamy,26.8,93.6,63.5,76.1,17.0,56.0,5.73,Cotton,Mango
Clay,29.6,232.8,81.8,72.5,62.0,36.7,5.56,Groundnut,Rice
Sandy Loam,24.0,127.8,68.9,29.55,40.6,23.0,5.96,Maize,Groundnut
Loamy,30.1,132.9,65.5,20.2,31.0,24.8,6.63,Maize,Soybean
Loamy,31.3,59.4,64.4,103.1,60.3,63.2,5.41,Mustard,Tomato
Sandy Loam,28.9,69.0,69.5,33.2,41.7,46.1,6.53,Maize,Soybean
Silty,21.8,38.5,54.7,101.3,75.3,52.9,5.81,Soybean,Tomato
Silty,28.7,64.4,34.5,43.7,27.5,28.2,6.24,Tomato,Lentil
Sandy Loam,17.6,33.8,40.4,50.8,42.2,23.4,7.37,Potato,Mustard
Sandy Loam,20.2,43.8,54.9,60.4,65.2,68.4,6.58,Potato,Tomato
Loamy,19.9,34.7,55.1,33.1,36.8,15.9,7.15,Mustard,Lentil
Sandy Loam,24.1,154.4,75.3,101.0,34.9,29.2,6.36,Wheat,Maize
Silty,25.7,118.2,64.6,122.3,48.0,52.7,6.59,Tomato,Maize
Silty,36.6,209.3,76.8,113.4,56.95,52.5,7.19,Rice,Sugarcane
Silty,27.9,255.7,79.3,75.9,70.8,57.7,6.42,Soybean,Sugarcane
Sandy Loam,27.5,101.4,78.5,34.4,39.0,27.6,6.79,Groundnut,Soybean
Sandy Loam,23.2,50.7,53.5,61.3,47.5,28.6,6.34,Sugarcane,Mustard
Loamy,23.5,76.3,31.9,73.4,28.5,15.4,7.12,Mango,Mustard
Loamy,27.2,143.1,72.7,94.8,58.7,70.1,5.96,Wheat,Sugarcane
Loamy,27.8,72.0,72.9,27.5,50.2,34.1,7.0,Tomato,Groundnut
Loamy,23.1,235.4,83.6,123.3,59.4,61.5,6.02,Groundnut,Sugarcane
Silty,23.8,152.1,54.6,91.4,43.5,49.9,6.54,Wheat,Maize
Sandy Loam,15.1,81.0,54.6,53.6,34.1,23.7,7.22,Wheat,Mustard
Clay,22.5,168.8,74.1,153.9,49.8,78.1,7.22,Lentil,Sugarcane
Loamy,23.9,100.6,70.2,101.4,45.1,46.0,6.97,Sugarcane,Maize
Loamy,25.9,104.9,42.3,60.3,32.5,12.8,6.91,Mustard,Cotton
Sandy Loam,22.3,83.6,62.0,98.6,56.0,52.7,5.19,Soybean,Potato
Sandy Loam,25.3,115.9,68.4,95.8,52.3,25.9,7.07,Cotton,Maize
Sandy Loam,23.9,58.0,52.4,79.0,34.4,26.3,6.21,Mango,Mustard
Loamy,23.0,119.8,60.3,71.8,43.7,24.6,7.53,Soybean,Maize
Silty,35.7,175.0,79.6,69.8,31.4,50.7,5.13,Sugarcane,Rice
